Player_Name,Span,Matches,Field_Inns,Dissmissals,Ct,St,Ct_Wk,Ct_Fi,Country
DA Warner,2009-2014,51,51,28,28,0,0,28,Australia
DJ Hussey,2008-2012,39,39,24,24,0,0,24,Australia
BJ Haddin,2006-2014,33,33,22,17,5,17,0,Australia
CL White,2007-2014,44,44,22,22,0,0,22,Australia
MEK Hussey,2005-2012,38,38,20,20,0,0,20,Australia
AC Gilchrist,2005-2008,13,13,17,17,0,17,0,Australia
SPD Smith,2010-2011,20,20,16,16,0,0,16,Australia
SR Watson,2006-2014,45,45,15,15,0,0,15,Australia
MS Wade,2011-2014,22,22,14,12,2,12,0,Australia
MJ Clarke,2005-2010,34,34,13,13,0,0,13,Australia
GJ Maxwell,2012-2014,21,21,11,11,0,0,11,Australia
GJ Bailey,2012-2014,28,28,9,9,0,0,9,Australia
RT Ponting,2005-2009,17,17,8,8,0,0,8,Australia
NW Bracken,2006-2009,19,19,6,6,0,0,6,Australia
B Lee,2005-2012,25,25,6,6,0,0,6,Australia
DT Christian,2010-2014,15,15,5,5,0,0,5,Australia
BJ Hodge,2007-2014,15,15,5,5,0,0,5,Australia
MG Johnson,2007-2013,30,30,5,5,0,0,5,Australia
SR Clark,2006-2007,9,9,4,4,0,0,4,Australia
NM Coulter-Nile,2013-2014,10,10,4,4,0,0,4,Australia
BCJ Cutting,2013-2014,3,3,4,4,0,0,4,Australia
TD Paine,2009-2011,5,5,4,4,0,4,0,Australia
AJ Finch,2011-2014,18,18,3,3,0,0,3,Australia
JR Hopes,2005-2010,12,12,3,3,0,0,3,Australia
SE Marsh,2008-2013,13,13,3,3,0,0,3,Australia
JM Muirhead,2014-2014,5,5,3,3,0,0,3,Australia
JL Pattinson,2011-2012,4,4,3,3,0,0,3,Australia
MA Starc,2012-2014,18,18,3,3,0,0,3,Australia
A Symonds,2005-2009,14,14,3,3,0,0,3,Australia
SW Tait,2007-2011,19,19,3,3,0,0,3,Australia
AC Voges,2007-2013,7,7,3,3,0,0,3,Australia
DE Bollinger,2011-2014,6,6,2,2,0,0,2,Australia
JP Faulkner,2012-2014,7,7,2,2,0,0,2,Australia
MS Kasprowicz,2005-2005,2,2,2,2,0,0,2,Australia
SM Katich,2005-2006,3,3,2,2,0,0,2,Australia
TR Birt,2010-2012,4,4,1,1,0,0,1,Australia
PJ Cummins,2011-2012,11,11,1,1,0,0,1,Australia
CJ Ferguson,2009-2009,3,3,1,1,0,0,1,Australia
NM Hauritz,2009-2009,3,3,1,1,0,0,1,Australia
ML Hayden,2005-2007,9,9,1,1,0,0,1,Australia
MC Henriques,2009-2014,4,4,1,1,0,0,1,Australia
GB Hogg,2006-2014,15,15,1,1,0,0,1,Australia
B Laughlin,2009-2013,3,3,1,1,0,0,1,Australia
ML Lewis,2006-2006,2,2,1,1,0,0,1,Australia
CA Lynn,2014-2014,2,2,1,1,0,0,1,Australia
GD McGrath,2005-2005,2,2,1,1,0,0,1,Australia
MR Marsh,2011-2012,3,3,1,1,0,0,1,Australia
DR Martyn,2005-2006,4,4,1,1,0,0,1,Australia
DP Nannes,2009-2010,15,15,1,1,0,0,1,Australia
SNJ O'Keefe,2010-2011,7,7,1,1,0,0,1,Australia
XJ Doherty,2012-2013,11,11,0,0,0,0,0,Australia
Fawad Ahmed,2013-2013,2,2,0,0,0,0,0,Australia
B Geeves,2009-2009,1,1,0,0,0,0,0,Australia
JN Gillespie,2005-2005,1,1,0,0,0,0,0,Australia
RJ Harris,2010-2010,3,3,0,0,0,0,0,Australia
SM Harwood,2007-2009,3,3,0,0,0,0,0,Australia
JW Hastings,2010-2011,3,3,0,0,0,0,0,Australia
JR Hazlewood,2013-2014,4,4,0,0,0,0,0,Australia
BW Hilfenhaus,2007-2012,7,7,0,0,0,0,0,Australia
CJ McKay,2010-2013,6,6,0,0,0,0,0,Australia
NJ Maddinson,2013-2013,1,1,0,0,0,0,0,Australia
AA Noffke,2007-2008,2,2,0,0,0,0,0,Australia
MJ North,2009-2009,1,1,0,0,0,0,0,Australia
LA Pomersbach,2007-2007,1,1,0,0,0,0,0,Australia
BJ Rohrer,2013-2013,1,1,0,0,0,0,0,Australia
L Ronchi,2008-2009,3,3,0,0,0,0,0,Australia
PM Siddle,2009-2010,2,2,0,0,0,0,0,Australia
SCJ Broad,2006-2014,53,53,21,21,0,0,21,England
LJ Wright,2007-2014,47,47,14,14,0,0,14,England
EJG Morgan,2009-2014,46,46,21,21,0,0,21,England
GP Swann,2008-2012,36,36,4,4,0,0,4,England
KP Pietersen,2005-2012,35,35,14,14,0,0,14,England
RS Bopara,2008-2014,34,34,5,5,0,0,5,England
TT Bresnan,2006-2014,33,33,10,10,0,0,10,England
JC Buttler,2011-2014,33,33,11,10,1,9,1,England
PD Collingwood,2005-2011,33,33,13,13,0,0,13,England
JW Dernbach,2011-2014,32,32,7,7,0,0,7,England
AD Hales,2011-2014,29,29,16,16,0,0,16,England
MJ Lumb,2010-2014,25,25,7,7,0,0,7,England
C Kieswetter,2010-2012,23,23,18,15,3,15,0,England
JM Anderson,2007-2009,18,18,3,3,0,0,3,England
JM Bairstow,2011-2013,17,17,20,20,0,1,19,England
ST Finn,2011-2013,17,17,4,4,0,0,4,England
SR Patel,2011-2013,17,17,3,3,0,0,3,England
OA Shah,2007-2009,16,16,5,5,0,0,5,England
RJ Sidebottom,2007-2010,16,16,5,5,0,0,5,England
AD Mascarenhas,2007-2009,14,14,7,7,0,0,7,England
JC Tredwell,2012-2014,14,14,2,2,0,0,2,England
MH Yardy,2006-2011,13,13,8,8,0,0,8,England
MJ Prior,2007-2010,9,9,8,6,2,6,0,England
IR Bell,2006-2011,7,7,4,4,0,0,4,England
A Flintoff,2005-2007,7,7,5,5,0,0,5,England
JE Root,2012-2014,7,7,4,4,0,0,4,England
MM Ali,2014-2014,6,6,1,1,0,0,1,England
DR Briggs,2012-2014,6,6,1,1,0,0,1,England
CJ Jordan,2014-2014,6,6,5,5,0,0,5,England
BA Stokes,2011-2014,6,6,0,0,0,0,0,England
IJL Trott,2007-2010,6,6,0,0,0,0,0,England
SM Davies,2009-2011,5,5,3,2,1,2,0,England
JS Foster,2009-2009,5,5,6,3,3,3,0,England
AU Rashid,2009-2009,5,5,0,0,0,0,0,England
AN Cook,2007-2009,4,4,1,1,0,0,1,England
JL Denly,2009-2010,4,4,1,1,0,0,1,England
DL Maddy,2007-2007,4,4,1,1,0,0,1,England
SI Mahmood,2006-2009,4,4,1,1,0,0,1,England
CP Schofield,2007-2007,4,4,1,1,0,0,1,England
AJ Strauss,2005-2009,4,4,1,1,0,0,1,England
CR Woakes,2011-2013,4,4,1,1,0,0,1,England
JWM Dalrymple,2006-2007,3,3,1,1,0,0,1,England
SD Parry,2014-2014,3,3,2,2,0,0,2,England
A Shahzad,2010-2011,3,3,1,1,0,0,1,England
VS Solanki,2005-2007,3,3,3,3,0,2,1,England
ME Trescothick,2005-2006,3,3,2,2,0,0,2,England
D Gough,2005-2006,2,2,0,0,0,0,0,England
SJ Harmison,2005-2006,2,2,1,1,0,0,1,England
GO Jones,2005-2006,2,2,2,2,0,2,0,England
EC Joyce,2006-2007,2,2,0,0,0,0,0,England
J Lewis,2005-2007,2,2,1,1,0,0,1,England
SC Meaker,2012-2012,2,2,1,1,0,0,1,England
P Mustard,2008-2008,2,2,0,0,0,0,0,England
MP Vaughan,2005-2007,2,2,0,0,0,0,0,England
TR Ambrose,2008-2008,1,1,2,1,1,1,0,England
GJ Batty,2009-2009,1,1,0,0,0,0,0,England
SG Borthwick,2011-2011,1,1,1,1,0,0,1,England
RWT Key,2009-2009,1,1,1,1,0,0,1,England
A Khan,2009-2009,1,1,0,0,0,0,0,England
RJ Kirtley,2007-2007,1,1,0,0,0,0,0,England
PA Nixon,2007-2007,1,1,1,0,1,0,0,England
MS Panesar,2007-2007,1,1,0,0,0,0,0,England
LE Plunkett,2006-2006,1,1,0,0,0,0,0,England
WB Rankin,2013-2013,1,1,0,0,0,0,0,England
CMW Read,2006-2006,1,1,1,1,0,1,0,England
JN Snape,2007-2007,1,1,1,1,0,0,1,England
CT Tremlett,2007-2007,1,1,0,0,0,0,0,England
BB McCullum,2005-2014,66,66,42,34,8,24,10,New Zealand
LRPL Taylor,2006-2014,57,57,36,36,0,0,36,New Zealand
MJ Guptill,2009-2014,47,47,24,24,0,0,24,New Zealand
NL McCullum,2007-2014,54,54,20,20,0,0,20,New Zealand
TG Southee,2008-2014,34,34,15,15,0,0,15,New Zealand
JEC Franklin,2006-2013,36,36,13,13,0,0,13,New Zealand
JDP Oram,2005-2012,35,35,12,12,0,0,12,New Zealand
CJ Anderson,2012-2014,11,11,10,10,0,0,10,New Zealand
PD McGlashan,2006-2010,11,11,9,9,0,9,0,New Zealand
L Ronchi,2013-2014,8,8,9,8,1,8,0,New Zealand
DL Vettori,2007-2012,33,33,9,9,0,0,9,New Zealand
KD Mills,2005-2014,40,40,8,8,0,0,8,New Zealand
SB Styris,2005-2010,31,31,8,8,0,0,8,New Zealand
KS Williamson,2011-2014,17,17,8,8,0,0,8,New Zealand
JD Ryder,2008-2014,22,22,7,7,0,0,7,New Zealand
GJ Hopkins,2007-2010,10,10,6,4,2,2,2,New Zealand
DAJ Bracewell,2011-2012,13,13,5,5,0,0,5,New Zealand
RJ Nicol,2010-2013,20,20,5,5,0,0,5,New Zealand
SE Bond,2005-2010,20,20,4,4,0,0,4,New Zealand
NT Broom,2009-2013,10,10,4,4,0,0,4,New Zealand
PG Fulton,2006-2012,12,12,4,4,0,0,4,New Zealand
MJ McClenaghan,2012-2014,14,14,4,4,0,0,4,New Zealand
JS Patel,2005-2008,11,11,4,4,0,0,4,New Zealand
NJ Astle,2005-2006,4,4,3,3,0,0,3,New Zealand
IG Butler,2009-2013,18,18,3,3,0,0,3,New Zealand
CD McMillan,2005-2007,8,8,3,3,0,0,3,New Zealand
JDS Neesham,2012-2014,7,7,3,3,0,0,3,New Zealand
AJ Redmond,2009-2010,7,7,3,3,0,0,3,New Zealand
DG Brownlie,2010-2012,4,4,2,2,0,0,2,New Zealand
SP Fleming,2005-2006,5,5,2,2,0,0,2,New Zealand
DR Flynn,2008-2012,5,5,2,2,0,0,2,New Zealand
RM Hira,2012-2013,13,13,2,2,0,0,2,New Zealand
C Munro,2012-2014,13,13,2,2,0,0,2,New Zealand
BJ Watling,2009-2009,2,2,2,2,0,2,0,New Zealand
AR Adams,2005-2006,4,4,1,1,0,0,1,New Zealand
GW Aldridge,2011-2011,1,1,1,1,0,0,1,New Zealand
CL Cairns,2005-2006,2,2,1,1,0,0,1,New Zealand
C de Grandhomme,2012-2012,4,4,1,1,0,0,0,New Zealand
MR Gillespie,2006-2008,11,11,1,1,0,0,1,New Zealand
JM How,2007-2008,5,5,1,1,0,0,1,New Zealand
PJ Ingram,2010-2010,3,3,1,1,0,0,1,New Zealand
TWM Latham,2012-2013,5,5,1,1,0,1,0,New Zealand
HJH Marshall,2005-2006,3,3,1,1,0,0,1,New Zealand
CS Martin,2007-2008,6,6,1,1,0,0,1,New Zealand
AF Milne,2010-2014,6,6,1,1,0,0,1,New Zealand
HD Rutherford,2013-2013,6,6,1,1,0,0,1,New Zealand
L Vincent,2006-2007,9,9,1,1,0,0,1,New Zealand
LJ Woodcock,2010-2011,3,3,1,1,0,0,1,New Zealand
MD Bates,2012-2012,3,3,0,0,0,0,0,New Zealand
TA Boult,2013-2014,5,5,0,0,0,0,0,New Zealand
AP Devcich,2013-2013,2,2,0,0,0,0,0,New Zealand
BJ Diamanti,2009-2009,1,1,0,0,0,0,0,New Zealand
GD Elliott,2009-2013,3,3,0,0,0,0,0,New Zealand
AM Ellis,2012-2013,4,4,0,0,0,0,0,New Zealand
PA Hitchcock,2008-2008,1,1,0,0,0,0,0,New Zealand
AJ McKay,2010-2010,2,2,0,0,0,0,0,New Zealand
JAH Marshall,2005-2008,3,3,0,0,0,0,0,New Zealand
MJ Mason,2006-2008,3,3,0,0,0,0,0,New Zealand
IE O'Brien,2009-2009,4,4,0,0,0,0,0,New Zealand
MS Sinclair,2005-2007,2,2,0,0,0,0,0,New Zealand
EP Thompson,2008-2008,1,1,0,0,0,0,0,New Zealand
DR Tuffey,2005-2010,3,3,0,0,0,0,0,New Zealand
JW Wilson,2005-2005,1,1,0,0,0,0,0,New Zealand
Kamran Akmal,2006-2014,54,54,60,28,32,28,0,Pakistan
Umar Akmal,2009-2014,56,56,38,36,2,11,25,Pakistan
Shoaib Malik,2006-2014,59,59,26,26,0,0,26,Pakistan
Shahid Afridi,2006-2014,74,74,20,20,0,0,20,Pakistan
Umar Gul,2007-2014,56,56,18,18,0,0,18,Pakistan
Mohammad Hafeez,2006-2014,58,58,17,17,0,0,17,Pakistan
Misbah-ul-Haq,2007-2012,39,39,14,14,0,0,14,Pakistan
Saeed Ajmal,2009-2014,63,63,12,12,0,0,12,Pakistan
Younis Khan,2006-2010,25,25,12,12,0,0,12,Pakistan
Imran Nazir,2007-2012,25,25,11,11,0,0,11,Pakistan
Ahmed Shehzad,2009-2014,26,26,8,8,0,0,8,Pakistan
Fawad Alam,2007-2010,24,24,7,7,0,0,7,Pakistan
Sohail Tanvir,2007-2014,40,40,7,7,0,0,7,Pakistan
Abdur Rehman,2007-2013,8,8,6,6,0,0,6,Pakistan
Nasir Jamshed,2012-2013,18,18,6,6,0,0,6,Pakistan
Yasir Shah,2011-2011,2,2,4,4,0,0,4,Pakistan
Asad Shafiq,2010-2012,10,10,3,3,0,0,3,Pakistan
Imran Farhat,2010-2011,7,7,3,3,0,0,3,Pakistan
Mohammad Amir,2009-2010,18,18,3,3,0,0,3,Pakistan
Mohammad Asif,2006-2010,11,11,3,3,0,0,3,Pakistan
Salman Butt,2007-2010,24,24,3,3,0,0,3,Pakistan
Sarfraz Ahmed,2010-2013,4,4,3,1,2,1,0,Pakistan
Shahzaib Hasan,2009-2010,10,10,3,3,0,0,3,Pakistan
Umar Amin,2013-2013,9,9,3,3,0,0,3,Pakistan
Abdul Razzaq,2006-2013,32,32,2,2,0,0,2,Pakistan
Hammad Azam,2012-2013,5,5,2,2,0,0,2,Pakistan
Mansoor Amjad,2008-2008,1,1,2,2,0,0,2,Pakistan
Mohammad Salman,2011-2011,1,1,2,1,1,1,0,Pakistan
Mohammad Sami,2010-2012,5,5,2,2,0,0,2,Pakistan
Naved-ul-Hasan,2006-2010,4,4,2,2,0,0,2,Pakistan
Raza Hasan,2012-2012,7,7,2,2,0,0,2,Pakistan
Shakeel Ansar,2012-2012,2,2,2,1,1,1,0,Pakistan
Shoaib Akhtar,2006-2010,15,15,2,2,0,0,2,Pakistan
Sohaib Maqsood,2013-2014,13,13,2,2,0,0,2,Pakistan
Usman Khan,2013-2013,2,2,1,1,0,0,1,Pakistan
Bilawal Bhatti,2013-2014,7,7,1,1,0,0,1,Pakistan
Haris Sohail,2013-2013,1,1,1,1,0,0,1,Pakistan
Khalid Latif,2008-2012,7,7,1,1,0,0,1,Pakistan
Mohammad Yousuf,2006-2010,3,3,1,1,0,0,1,Pakistan
Sharjeel Khan,2013-2013,3,3,1,1,0,0,1,Pakistan
Shoaib Khan jnr,2008-2008,4,4,1,1,0,0,1,Pakistan
Wahab Riaz,2008-2011,6,6,1,1,0,0,1,Pakistan
Yasir Arafat,2007-2012,13,13,1,1,0,0,1,Pakistan
Zulfiqar Babar,2013-2014,7,7,1,1,0,0,1,Pakistan
Zulqarnain Haider,2007-2010,3,3,1,0,1,0,0,Pakistan
Abdur Rauf,2008-2008,1,1,0,0,0,0,0,Pakistan
Aizaz Cheema,2011-2012,5,5,0,0,0,0,0,Pakistan
Anwar Ali,2008-2013,4,4,0,0,0,0,0,Pakistan
Asad Ali,2013-2013,2,2,0,0,0,0,0,Pakistan
Awais Zia,2012-2012,3,3,0,0,0,0,0,Pakistan
Iftikhar Anjum,2007-2009,2,2,0,0,0,0,0,Pakistan
Inzamam-ul-Haq,2006-2006,1,1,0,0,0,0,0,Pakistan
Junaid Khan,2011-2014,9,9,0,0,0,0,0,Pakistan
Mohammad Irfan,2012-2013,7,7,0,0,0,0,0,Pakistan
Rameez Raja,2011-2011,2,2,0,0,0,0,0,Pakistan
Shabbir Ahmed,2007-2007,1,1,0,0,0,0,0,Pakistan
Sohail Khan,2008-2011,3,3,0,0,0,0,0,Pakistan
Tanvir Ahmed,2010-2010,1,1,0,0,0,0,0,Pakistan
AB de Villiers,2006-2014,57,57,58,52,6,20,32,South Africa
Q de Kock,2012-2014,17,17,23,17,6,17,0,South Africa
JP Duminy,2007-2014,55,55,22,22,0,0,22,South Africa
MV Boucher,2005-2010,25,25,19,18,1,18,0,South Africa
GC Smith,2005-2011,33,33,18,18,0,0,18,South Africa
J Botha,2006-2012,40,40,17,17,0,0,17,South Africa
JA Morkel,2005-2014,49,49,17,17,0,0,17,South Africa
DA Miller,2010-2014,26,26,15,15,0,0,15,South Africa
DW Steyn,2007-2014,38,38,11,11,0,0,11,South Africa
F du Plessis,2012-2014,20,20,10,10,0,0,10,South Africa
HM Amla,2009-2014,26,26,9,9,0,0,9,South Africa
RJ Peterson,2006-2013,20,20,9,9,0,0,9,South Africa
HH Gibbs,2005-2010,23,23,8,8,0,0,8,South Africa
JH Kallis,2005-2012,25,25,7,7,0,0,7,South Africa
JL Ontong,2008-2013,12,12,6,6,0,0,6,South Africa
RE van der Merwe,2009-2010,13,13,6,6,0,0,6,South Africa
HG Kuhn,2009-2011,5,5,4,4,0,4,0,South Africa
RE Levi,2012-2012,13,13,4,4,0,0,4,South Africa
M Morkel,2007-2014,38,38,4,4,0,0,4,South Africa
F Behardien,2012-2014,13,13,3,3,0,0,3,South Africa
Imran Tahir,2013-2014,12,12,3,3,0,0,3,South Africa
JM Kemp,2005-2007,8,8,3,3,0,0,3,South Africa
R McLaren,2009-2013,10,10,3,3,0,0,3,South Africa
WD Parnell,2009-2014,28,28,3,3,0,0,3,South Africa
CA Ingram,2010-2012,9,9,2,2,0,0,2,South Africa
CH Morris,2012-2013,2,2,2,2,0,0,2,South Africa
M Ntini,2005-2011,10,10,2,2,0,0,2,South Africa
SM Pollock,2005-2008,12,12,2,2,0,0,2,South Africa
J Theron,2010-2012,9,9,2,2,0,0,2,South Africa
MN van Wyk,2007-2011,3,3,2,2,0,0,2,South Africa
D Wiese,2013-2013,4,4,2,2,0,0,2,South Africa
KJ Abbott,2013-2014,2,2,1,1,0,0,1,South Africa
LE Bosman,2006-2010,14,14,1,1,0,0,1,South Africa
RK Kleinveldt,2008-2013,6,6,1,1,0,0,1,South Africa
CK Langeveldt,2005-2010,9,9,1,1,0,0,1,South Africa
A Nel,2005-2007,2,2,1,1,0,0,1,South Africa
AN Petersen,2010-2010,2,2,1,1,0,0,1,South Africa
VD Philander,2007-2007,7,7,1,1,0,0,1,South Africa
LL Tsotsobe,2009-2014,23,23,1,1,0,0,1,South Africa
YA Abdulla,2009-2009,2,2,0,0,0,0,0,South Africa
GH Bodi,2007-2007,1,1,0,0,0,0,0,South Africa
N Boje,2005-2005,1,1,0,0,0,0,0,South Africa
H Davids,2012-2013,9,9,0,0,0,0,0,South Africa
M de Lange,2012-2012,2,2,0,0,0,0,0,South Africa
HH Dippenaar,2006-2006,1,1,0,0,0,0,0,South Africa
AJ Hall,2006-2006,2,2,0,0,0,0,0,South Africa
T Henderson,2006-2006,1,1,0,0,0,0,0,South Africa
BE Hendricks,2014-2014,5,5,0,0,0,0,0,South Africa
GJP Kruger,2006-2006,1,1,0,0,0,0,0,South Africa
J Louw,2008-2009,2,2,0,0,0,0,0,South Africa
ND McKenzie,2006-2009,2,2,0,0,0,0,0,South Africa
AM Phangiso,2012-2013,3,3,0,0,0,0,0,South Africa
AG Prince,2005-2005,1,1,0,0,0,0,0,South Africa
JA Rudolph,2006-2006,1,1,0,0,0,0,0,South Africa
R Telemachus,2006-2007,3,3,0,0,0,0,0,South Africa
AC Thomas,2007-2007,1,1,0,0,0,0,0,South Africa
JJ van der Wath,2006-2007,8,8,0,0,0,0,0,South Africa
VB van Jaarsveld,2009-2009,3,3,0,0,0,0,0,South Africa
DJ Vilas,2012-2012,1,1,0,0,0,0,0,South Africa
M Zondeki,2006-2006,1,1,0,0,0,0,0,South Africa
KC Sangakkara,2006-2014,56,56,45,25,20,25,0,Sri Lanka
TM Dilshan,2006-2014,61,61,31,29,2,5,24,Sri Lanka
DPMD Jayawardene,2006-2014,55,55,17,17,0,0,17,Sri Lanka
AD Mathews,2009-2014,53,53,16,16,0,0,16,Sri Lanka
SL Malinga,2006-2014,56,56,14,14,0,0,14,Sri Lanka
NLTC Perera,2010-2014,37,37,13,13,0,0,13,Sri Lanka
LD Chandimal,2010-2014,26,26,12,12,0,0,12,Sri Lanka
KMDN Kulasekara,2008-2014,40,40,12,12,0,0,12,Sri Lanka
J Mubarak,2007-2009,16,16,9,9,0,0,9,Sri Lanka
CK Kapugedera,2006-2012,21,21,7,7,0,0,7,Sri Lanka
BAW Mendis,2008-2014,39,39,6,6,0,0,6,Sri Lanka
HDRL Thirimanne,2012-2014,21,21,6,6,0,0,6,Sri Lanka
LPC Silva,2006-2011,16,16,5,5,0,0,5,Sri Lanka
ST Jayasuriya,2006-2011,31,31,4,4,0,0,4,Sri Lanka
SHT Kandamby,2008-2011,5,5,4,4,0,0,4,Sri Lanka
BMAJ Mendis,2011-2013,16,16,4,4,0,0,4,Sri Lanka
MDKJ Perera,2013-2014,17,17,4,4,0,0,4,Sri Lanka
K Weeraratne,2008-2009,5,5,4,4,0,0,4,Sri Lanka
CRD Fernando,2006-2011,17,17,3,3,0,0,3,Sri Lanka
HGJM Kulatunga,2008-2008,2,2,2,2,0,0,2,Sri Lanka
MF Maharoof,2006-2008,7,7,2,2,0,0,2,Sri Lanka
SMSM Senanayake,2012-2014,16,16,2,2,0,0,2,Sri Lanka
T Thushara,2008-2010,6,6,2,2,0,0,2,Sri Lanka
HMCM Bandara,2006-2009,4,4,1,1,0,0,1,Sri Lanka
A Dananjaya,2012-2013,5,5,1,1,0,0,1,Sri Lanka
SI de Saram,2009-2009,1,1,1,1,0,0,1,Sri Lanka
RMS Eranga,2012-2013,3,3,1,1,0,0,1,Sri Lanka
KS Lokuarachchi,2012-2012,2,2,1,1,0,0,1,Sri Lanka
EMDY Munaweera,2012-2013,4,4,1,1,0,0,1,Sri Lanka
M Muralitharan,2006-2010,12,12,1,1,0,0,1,Sri Lanka
AK Perera,2013-2014,2,2,1,1,0,0,1,Sri Lanka
S Prasanna,2013-2014,3,3,1,1,0,0,1,Sri Lanka
M Pushpakumara,2009-2009,1,1,1,1,0,0,1,Sri Lanka
RJMGM Rupasinghe,2009-2009,2,2,1,1,0,0,1,Sri Lanka
WU Tharanga,2006-2012,10,10,1,1,0,0,1,Sri Lanka
I Udana,2009-2012,6,6,1,1,0,0,1,Sri Lanka
RP Arnold,2006-2006,1,1,0,0,0,0,0,Sri Lanka
MS Atapattu,2006-2006,2,2,0,0,0,0,0,Sri Lanka
LHD Dilhara,2008-2008,2,2,0,0,0,0,0,Sri Lanka
HMRKB Herath,2011-2014,9,9,0,0,0,0,0,Sri Lanka
CU Jayasinghe,2009-2010,5,5,0,0,0,0,0,Sri Lanka
S Randiv,2010-2011,7,7,0,0,0,0,0,Sri Lanka
RAS Lakmal,2011-2013,3,3,0,0,0,0,0,Sri Lanka
MDK Perera,2011-2011,3,3,0,0,0,0,0,Sri Lanka
PDRL Perera,2006-2006,2,2,0,0,0,0,0,Sri Lanka
KTGD Prasad,2011-2011,1,1,0,0,0,0,0,Sri Lanka
RLB Rambukwella,2013-2013,1,1,0,0,0,0,0,Sri Lanka
ML Udawatte,2008-2009,5,5,0,0,0,0,0,Sri Lanka
WPUJC Vaas,2006-2007,6,6,0,0,0,0,0,Sri Lanka
G Wijekoon,2007-2007,3,3,0,0,0,0,0,Sri Lanka
UWMBCA Welegedara,2010-2010,2,2,0,0,0,0,0,Sri Lanka
D Ramdin,2006-2014,46,46,46,29,17,29,0,West Indies
DJ Bravo,2006-2014,49,49,27,27,0,0,27,West Indies
DJG Sammy,2007-2014,52,52,24,24,0,0,24,West Indies
KA Pollard,2008-2013,37,37,19,19,0,0,19,West Indies
ADS Fletcher,2008-2014,19,19,15,14,1,7,7,West Indies
LMP Simmons,2007-2014,30,30,15,15,0,0,15,West Indies
CH Gayle,2006-2014,42,42,11,11,0,0,11,West Indies
J Charles,2011-2014,21,21,9,7,2,0,7,West Indies
MN Samuels,2007-2014,35,35,8,8,0,0,8,West Indies
SJ Benn,2008-2010,17,17,7,7,0,0,7,West Indies
S Chanderpaul,2006-2010,22,22,7,7,0,0,7,West Indies
RR Sarwan,2007-2010,18,18,7,7,0,0,7,West Indies
AD Russell,2011-2014,27,27,6,6,0,0,6,West Indies
FH Edwards,2007-2012,20,20,5,5,0,0,5,West Indies
DR Smith,2006-2014,27,27,5,5,0,0,5,West Indies
JE Taylor,2006-2010,17,17,5,5,0,0,5,West Indies
S Badree,2012-2014,20,20,4,4,0,0,4,West Indies
DP Hyatt,2011-2012,5,5,4,4,0,0,4,West Indies
XM Marshall,2008-2009,6,6,3,3,0,0,3,West Indies
CD Barnwell,2011-2013,6,6,2,2,0,0,2,West Indies
N Deonarine,2010-2013,8,8,2,2,0,0,2,West Indies
A Martin,2011-2011,1,1,2,2,0,0,2,West Indies
NO Miller,2009-2014,9,9,2,2,0,0,2,West Indies
RS Morton,2006-2010,7,7,2,2,0,0,2,West Indies
DBL Powell,2007-2007,5,5,2,2,0,0,2,West Indies
R Rampaul,2007-2014,22,22,2,2,0,0,2,West Indies
AB Barath,2010-2011,2,2,1,1,0,0,1,West Indies
IDR Bradshaw,2006-2006,1,1,1,1,0,0,1,West Indies
DK Butler,2006-2006,1,1,1,1,0,0,1,West Indies
SE Findlay,2008-2008,2,2,1,1,0,0,1,West Indies
ST Gabriel,2013-2013,2,2,1,1,0,0,1,West Indies
WW Hinds,2006-2010,5,5,1,1,0,0,1,West Indies
RN Lewis,2008-2008,1,1,1,1,0,0,1,West Indies
GE Mathurin,2011-2012,3,3,1,1,0,0,1,West Indies
AR Nurse,2011-2011,2,2,1,1,0,0,1,West Indies
WKD Perkins,2008-2008,1,1,1,1,0,0,1,West Indies
KOA Powell,2014-2014,1,1,1,1,0,0,1,West Indies
FL Reifer,2009-2009,1,1,1,1,0,0,1,West Indies
KAJ Roach,2008-2012,11,11,1,1,0,0,1,West Indies
K Santokie,2011-2014,10,10,1,1,0,0,1,West Indies
DS Smith,2007-2009,6,6,1,1,0,0,1,West Indies
DC Thomas,2009-2013,3,3,1,0,1,0,0,West Indies
GC Tonge,2009-2009,1,1,1,1,0,0,1,West Indies
CAK Walton,2014-2014,2,2,1,1,0,0,1,West Indies
LS Baker,2008-2009,3,3,0,0,0,0,0,West Indies
MC Bascombe,2011-2011,1,1,0,0,0,0,0,West Indies
CS Baugh,2008-2012,3,3,0,0,0,0,0,West Indies
DE Bernard,2009-2009,1,1,0,0,0,0,0,West Indies
TL Best,2013-2014,6,6,0,0,0,0,0,West Indies
D Bishoo,2011-2011,4,4,0,0,0,0,0,West Indies
NE Bonner,2011-2012,2,2,0,0,0,0,0,West Indies
CR Brathwaite,2011-2011,1,1,0,0,0,0,0,West Indies
DM Bravo,2010-2013,10,10,0,0,0,0,0,West Indies
DO Christian,2011-2011,2,2,0,0,0,0,0,West Indies
SS Cottrell,2014-2014,1,1,0,0,0,0,0,West Indies
TM Dowlin,2009-2010,2,2,0,0,0,0,0,West Indies
D Ganga,2006-2006,1,1,0,0,0,0,0,West Indies
JO Holder,2014-2014,1,1,0,0,0,0,0,West Indies
SP Narine,2012-2014,29,29,0,0,0,0,0,West Indies
BA Parchment,2007-2007,1,1,0,0,0,0,0,West Indies
ACL Richards,2007-2007,1,1,0,0,0,0,0,West Indies
DM Richards,2009-2009,1,1,0,0,0,0,0,West Indies
MS Dhoni,2006-2014,49,48,36,25,11,25,0,India
SK Raina,2006-2014,43,43,20,20,0,0,20,India
RG Sharma,2007-2014,42,42,19,19,0,0,19,India
V Kohli,2010-2014,27,27,13,13,0,0,13,India
G Gambhir,2007-2012,37,36,11,11,0,0,11,India
RA Jadeja,2009-2014,21,21,11,11,0,0,11,India
YK Pathan,2007-2012,22,22,9,9,0,0,9,India
Yuvraj Singh,2007-2014,40,39,9,9,0,0,9,India
KD Karthik,2006-2010,9,8,7,5,2,0,5,India
AM Rahane,2011-2014,10,10,7,7,0,0,7,India
Harbhajan Singh,2006-2012,25,24,6,6,0,0,6,India
R Ashwin,2010-2014,25,25,5,5,0,0,5,India
I Sharma,2008-2013,14,14,4,4,0,0,4,India
A Nehra,2009-2011,8,8,3,3,0,0,3,India
M Vijay,2010-2011,7,7,3,3,0,0,3,India
PP Chawla,2010-2012,7,7,2,2,0,0,2,India
Joginder Sharma,2007-2007,4,4,2,2,0,0,2,India
Z Khan,2006-2012,17,17,2,2,0,0,2,India
B Kumar,2012-2014,9,9,2,2,0,0,2,India
IK Pathan,2006-2012,24,23,2,2,0,0,2,India
V Sehwag,2006-2012,19,18,2,2,0,0,2,India
RP Singh,2007-2009,10,9,2,2,0,0,2,India
S Sreesanth,2006-2008,10,9,2,2,0,0,2,India
MK Tiwary,2011-2012,3,3,2,2,0,0,2,India
S Dhawan,2011-2014,5,5,1,1,0,0,1,India
AB Dinda,2009-2012,9,9,1,1,0,0,1,India
P Kumar,2008-2012,10,10,1,1,0,0,1,India
D Mongia,2006-2006,1,1,1,1,0,0,1,India
PP Ojha,2009-2010,6,6,1,1,0,0,1,India
PA Patel,2011-2011,2,2,1,1,0,1,0,India
SR Tendulkar,2006-2006,1,1,1,1,0,0,1,India
S Tyagi,2009-2009,1,1,1,1,0,0,1,India
RV Uthappa,2007-2012,11,10,1,1,0,0,1,India
R Vinay Kumar,2010-2013,9,9,1,1,0,0,1,India
AB Agarkar,2006-2007,4,3,0,0,0,0,0,India
P Awana,2012-2012,2,2,0,0,0,0,0,India
S Badrinath,2011-2011,1,1,0,0,0,0,0,India
L Balaji,2012-2012,5,5,0,0,0,0,0,India
R Dravid,2011-2011,1,1,0,0,0,0,0,India
M Kartik,2007-2007,1,1,0,0,0,0,0,India
A Mishra,2010-2014,7,7,0,0,0,0,0,India
Mohammed Shami,2014-2014,3,3,0,0,0,0,0,India
NV Ojha,2010-2010,2,2,0,0,0,0,0,India
MM Patel,2011-2011,3,3,0,0,0,0,0,India
MM Sharma,2014-2014,3,3,0,0,0,0,0,India
R Sharma,2012-2012,2,2,0,0,0,0,0,India
UT Yadav,2012-2012,1,1,0,0,0,0,0,India
