name,Span,Mat,Inns,NO,Runs,HS,SR,Hundreds,Fifties,Ducks,Country
PD Collingwood,2001-2011,190,179,37,5041,120*,76.83,5,26,7,England
AJ Stewart,1989-2003,164,160,14,4662,116,68.4,4,28,13,England
IR Bell,2004-2014,134,131,8,4513,126*,75.04,3,28,4,England
KP Pietersen,2004-2013,127,120,16,4401,130,87.11,9,25,7,England
GA Gooch,1976-1995,121,120,5,4274,142,62.14,8,23,4,England
ME Trescothick,2000-2006,116,116,5,4232,137,85.94,12,21,13,England
AJ Strauss,2003-2011,123,123,7,4178,158,80.92,6,27,9,England
AJ Lamb,1982-1992,120,118,16,4010,118,75.54,4,26,8,England
GA Hick,1991-2001,117,116,15,3743,126*,73.78,5,26,10,England
NV Knight,1996-2003,99,99,9,3620,125*,71.58,5,25,6,England
A Flintoff,1999-2009,132,118,16,3287,123,89.27,3,18,9,England
DI Gower,1978-1991,113,111,8,3170,158,75.15,7,12,6,England
AN Cook,2006-2014,75,75,2,2811,137,78.73,5,18,7,England
IJL Trott,2009-2013,65,63,8,2777,137,77.07,4,22,5,England
EJG Morgan,2009-2014,87,83,18,2699,124*,92.65,5,16,3,England
RA Smith,1988-1996,68,68,6,2408,167*,70,4,15,4,England
RS Bopara,2007-2014,98,93,21,2362,101*,78.75,1,11,4,England
N Hussain,1989-2003,87,86,9,2323,115,67.13,1,16,6,England
GP Thorpe,1993-2002,80,75,13,2312,89,71.42,0,21,3,England
IT Botham,1976-1992,114,105,14,2107,79,79.53,0,9,6,England
MW Gatting,1977-1993,92,88,17,2095,115*,70.58,1,9,4,England
NH Fairbrother,1987-1999,74,71,18,2092,113,72.06,1,16,2,England
MP Vaughan,2001-2007,81,80,7,1945,90*,68.31,0,16,9,England
OA Shah,2001-2009,68,65,6,1816,107*,78.51,1,12,6,England
MA Atherton,1990-1998,53,53,3,1778,127,58.81,2,12,4,England
BC Broad,1987-1988,34,34,0,1361,106,55.61,1,11,2,England
MJ Prior,2004-2011,66,61,8,1281,87,76.89,0,3,5,England
VS Solanki,2000-2006,49,45,5,1089,106,72.84,2,5,2,England
G Boycott,1971-1981,34,33,4,1067,105,53.51,1,9,1,England
DW Randall,1976-1985,48,45,5,1067,88,62.69,0,5,4,England
C Kieswetter,2010-2013,44,39,5,1048,107,90.89,1,5,4,England
TT Bresnan,2006-2014,81,64,20,871,80,90.25,0,1,6,England
CWJ Athey,1980-1988,31,30,3,848,142*,56.72,2,4,1,England
JE Root,2013-2014,25,24,3,841,107,78.74,1,5,1,England
DL Amiss,1972-1977,16,16,0,822,137,74.25,4,1,0,England
GO Jones,2004-2006,47,40,8,813,80,78.93,0,4,1,England
G Fowler,1983-1986,26,26,2,744,81*,56.32,0,4,2,England
CJ Tavare,1980-1984,29,28,2,720,83*,48.94,0,4,1,England
KWR Fletcher,1971-1982,21,19,2,703,131,66.69,1,5,0,England
PAJ DeFreitas,1987-1997,102,66,23,690,67,83.83,0,1,4,England
MA Ealham,1996-2001,62,43,4,659,45,63.73,0,0,4,England
LJ Wright,2007-2014,47,38,4,655,50,83.75,0,1,5,England
AJ Hollioake,1996-1999,35,30,6,606,83*,75.09,0,3,1,England
RT Robinson,1984-1988,26,26,0,597,83,58.18,0,3,2,England
D Gough,1994-2006,151,85,37,589,46*,63.53,0,0,10,England
W Larkins,1979-1991,23,23,0,589,124,57.4,1,0,3,England
JC Buttler,2012-2014,26,22,3,572,99,124.89,0,4,4,England
C White,1994-2003,50,40,5,558,57*,62.06,0,1,9,England
P Willey,1977-1986,26,24,1,538,64,62.92,0,5,3,England
JM Brearley,1977-1980,24,24,3,510,78,45.53,0,3,6,England
JE Emburey,1980-1993,61,45,10,501,34,75.45,0,0,3,England
GP Swann,2000-2013,77,47,12,499,34,90.56,0,0,3,England
SR Patel,2008-2013,33,22,7,482,70*,93.23,0,1,1,England
EC Joyce,2006-2007,17,17,0,471,107,66.43,1,3,1,England
SCJ Broad,2006-2014,103,56,20,461,45*,74.23,0,0,7,England
JWM Dalrymple,2006-2007,26,25,1,460,67,74.31,0,2,2,England
DR Pringle,1982-1993,43,30,12,425,49*,68.99,0,0,1,England
RC Russell,1987-1998,38,31,7,423,50,66.3,0,1,0,England
ID Blackwell,2002-2006,33,29,2,403,82,86.66,0,1,6,England
AF Giles,1997-2005,59,35,13,385,41,69.87,0,0,2,England
MR Ramprakash,1991-2001,18,18,4,376,51,69.11,0,1,0,England
RC Irani,1996-2003,29,29,5,349,53,65.11,0,1,7,England
CC Lewis,1990-1998,49,39,13,345,33,78.76,0,0,6,England
RDB Croft,1996-2001,49,35,11,340,32,66.4,0,0,4,England
DJ Capel,1987-1990,21,19,2,327,50*,68.26,0,1,0,England
MH Yardy,2006-2011,28,24,8,326,60*,69.06,0,2,1,England
AD Brown,1996-2001,15,15,0,317,118,84.53,1,1,2,England
LE Plunkett,2005-2011,29,25,10,315,56,83.33,0,1,2,England
CM Old,1973-1981,29,24,7,311,51*,86.38,0,1,4,England
BC Hollioake,1997-2002,20,17,2,309,63,81.1,0,2,3,England
CMW Read,2000-2006,33,22,7,299,30*,74,0,0,3,England
PA Nixon,2007-2007,19,18,4,297,49,85.59,0,0,2,England
DA Reeve,1991-1996,28,21,9,291,35,74.8,0,0,0,England
D Lloyd,1973-1980,8,8,1,285,116*,54.18,1,0,0,England
VJ Marks,1980-1988,34,24,3,285,44,65.66,0,0,0,England
JL Denly,2009-2009,9,9,0,268,67,65.52,0,2,0,England
B Wood,1972-1982,11,10,1,267,78*,50.66,0,2,1,England
MH Denness,1973-1975,11,11,2,264,66,63.3,0,1,1,England
AW Greig,1972-1977,20,18,3,255,48,69.86,0,0,1,England
CT Radley,1978-1978,4,4,1,250,117*,68.11,1,1,0,England
AR Caddick,1993-2003,53,37,18,249,36,64.01,0,0,5,England
SM Davies,2009-2011,8,8,0,244,87,105.62,0,1,1,England
PR Downton,1977-1988,28,20,5,242,44*,67.59,0,0,2,England
JM Anderson,2002-2013,167,68,36,237,28,46.37,0,0,9,England
JP Crawley,1994-1999,13,12,1,235,73,57.59,0,2,2,England
P Mustard,2007-2008,10,10,0,233,83,92.46,0,1,0,England
AD Mascarenhas,2007-2009,19,12,2,222,52,90.98,0,1,2,England
JH Edrich,1971-1974,5,5,0,215,90,69.35,0,2,0,England
DL Bairstow,1979-1984,21,20,6,206,23*,52.82,0,0,1,England
BA Stokes,2011-2014,16,14,0,202,70,72.14,0,1,3,England
APE Knott,1971-1977,19,13,4,188,50,79.32,0,1,2,England
DG Cork,1992-2002,31,20,2,180,31*,66.66,0,0,4,England
MD Moxon,1985-1988,8,8,0,174,70,53.53,0,1,1,England
JE Morris,1990-1991,8,8,1,167,63*,74.22,0,1,0,England
MJ Lumb,2014-2014,3,3,0,165,106,81.28,1,0,0,England
MP Maynard,1994-2000,13,11,1,156,41,70.9,0,0,0,England
IJ Gould,1983-1983,18,14,2,155,42,63.78,0,0,2,England
CJ Richards,1981-1988,22,16,3,154,50,58.33,0,1,3,England
MW Alleyne,1999-2000,10,8,1,151,53,59.21,0,1,0,England
A McGrath,2003-2004,13,11,1,151,52,45.48,0,1,1,England
NA Foster,1984-1989,48,25,12,150,24,61.47,0,0,3,England
GD Barlow,1976-1977,6,6,1,149,80*,58.43,0,1,2,England
MB Loye,2007-2007,7,7,0,142,45,77.17,0,0,1,England
ARC Fraser,1989-1999,40,20,9,141,38*,67.78,0,0,1,England
VJ Wells,1999-1999,9,7,0,141,39,55.73,0,0,0,England
CR Woakes,2011-2013,12,10,4,141,36,73.43,0,0,1,England
MV Fleming,1997-1998,11,10,1,139,33,101.45,0,0,1,England
R Clarke,2003-2006,18,12,0,138,39,63.3,0,0,2,England
RJ Bailey,1985-1990,4,4,2,137,43*,69.89,0,0,0,England
G Miller,1977-1984,25,18,2,136,46,51.32,0,0,3,England
RJ Sidebottom,2001-2010,25,18,8,133,24,68.55,0,0,2,England
GS Ballance,2013-2014,5,5,0,132,79,69.84,0,1,1,England
GRJ Roope,1973-1978,7,7,0,129,37,53.97,0,0,1,England
TE Jesty,1983-1983,10,10,4,127,52*,69.78,0,1,2,England
JM Bairstow,2011-2012,7,6,1,119,41*,76.77,0,0,0,England
FC Hayes,1973-1975,5,5,1,119,52,56.66,0,1,0,England
JN Snape,2001-2002,10,7,3,118,38,68.2,0,0,0,England
PH Edmonds,1977-1987,28,18,7,116,20,50,0,0,3,England
GR Dilley,1979-1988,36,18,8,114,31*,85.71,0,0,2,England
DL Maddy,1998-2000,8,6,0,113,53,54.85,0,1,1,England
MM Ali,2014-2014,3,3,0,109,55,81.34,0,1,0,England
CL Smith,1984-1984,4,4,0,109,70,45.41,0,1,0,England
MA Carberry,2013-2013,4,4,0,107,63,63.31,0,1,0,England
SJ Rhodes,1989-1995,9,8,2,107,56,71.33,0,1,0,England
RW Taylor,1973-1984,25,16,6,107,26*,40.53,0,0,2,England
G Cook,1981-1983,6,6,0,106,32,40.61,0,0,0,England
TA Lloyd,1984-1984,3,3,0,101,49,44.29,0,0,0,England
DR Brown,1997-1998,9,8,4,99,21,69.23,0,0,0,England
BC Rose,1977-1977,2,2,0,99,54,47.14,0,1,0,England
GC Small,1987-1992,50,24,9,98,18*,52.12,0,0,6,England
MP Bicknell,1990-1991,7,6,2,96,31*,92.3,0,0,0,England
ST Finn,2011-2013,37,13,6,96,35,85.71,0,0,3,England
Kabir Ali,2005-2006,12,9,3,93,39*,86.11,0,0,2,England
SJ Harmison,2002-2009,55,25,14,91,18*,64.53,0,0,3,England
RM Ellison,1984-1986,14,12,4,86,24,78.18,0,0,0,England
AD Mullally,1996-2001,49,25,10,86,20,36.13,0,0,6,England
KJ Barnett,1988-1988,1,1,0,84,84,57.53,0,1,0,England
SI Mahmood,2004-2009,25,14,4,84,22*,89.36,0,0,3,England
NMK Smith,1996-1996,6,5,1,83,31,68.59,0,0,0,England
RGD Willis,1973-1984,64,22,14,83,24,52.86,0,0,4,England
CJ Adams,1998-2000,5,4,0,71,42,49.3,0,0,0,England
MJ Smith,1973-1974,5,5,0,70,31,44.02,0,0,1,England
RK Illingworth,1991-1996,25,11,5,68,14,57.14,0,0,0,England
JD Love,1981-1981,3,3,0,61,43,61,0,0,0,England
JA Jameson,1973-1975,3,3,0,60,28,37.97,0,0,0,England
AU Rashid,2009-2009,5,4,1,60,31*,111.11,0,0,0,England
JC Tredwell,2010-2014,29,15,8,59,16,47.2,0,0,2,England
RO Butcher,1980-1981,3,3,0,58,52,85.29,0,1,0,England
JK Lever,1976-1982,21,11,4,56,27*,36.84,0,0,1,England
RD Jackman,1974-1983,15,9,1,54,14,58.06,0,0,1,England
RWT Key,2003-2004,5,5,0,54,19,40,0,0,1,England
CS Cowdrey,1985-1985,3,3,1,51,46*,110.86,0,0,1,England
DL Underwood,1973-1982,25,12,4,51,17,41.46,0,0,2,England
J Lewis,2005-2007,13,8,2,50,17,79.36,0,0,0,England
CT Tremlett,2005-2011,15,11,4,50,19*,56.17,0,0,1,England
DB Close,1972-1972,3,3,0,49,43,98,0,0,0,England
GG Arnold,1972-1975,12,4,2,48,18*,65.75,0,0,0,England
JH Hampshire,1971-1972,3,3,1,48,25*,55.81,0,0,0,England
JJ Whitaker,1987-1987,2,2,1,48,44*,73.84,0,0,0,England
WN Slack,1986-1986,2,2,0,43,34,50.58,0,0,0,England
GB Stevenson,1980-1981,4,4,3,43,28*,76.78,0,0,0,England
JS Foster,2001-2002,11,6,3,41,13,57.74,0,0,0,England
GD Lloyd,1996-1998,6,5,1,39,22,48.75,0,0,2,England
A Shahzad,2010-2011,11,8,2,39,9,65,0,0,0,England
PJ Martin,1995-1998,19,13,7,38,6,71.69,0,0,0,England
JO Troughton,2003-2003,5,5,1,36,20,47.36,0,0,1,England
SD Udal,1994-2005,11,7,4,35,11*,76.08,0,0,1,England
ID Austin,1998-1999,9,6,1,34,11*,69.38,0,0,0,England
BN French,1985-1988,13,8,3,34,9*,47.88,0,0,2,England
PW Jarvis,1988-1993,16,8,2,31,16*,79.48,0,0,2,England
GJ Batty,2002-2009,10,8,2,30,17,41.09,0,0,1,England
BL D'Oliveira,1971-1972,4,4,1,30,17,69.76,0,0,0,England
EE Hemmings,1982-1991,31,12,6,30,8*,49.18,0,0,1,England
CJ Jordan,2013-2014,7,5,3,30,14,63.82,0,0,0,England
MS Panesar,2007-2007,26,8,3,26,13,28.57,0,0,0,England
JWA Taylor,2011-2013,2,2,0,26,25,52,0,0,0,England
RJ Blakey,1992-1993,3,2,0,25,25,50,0,0,1,England
MR Benson,1986-1986,1,1,0,24,24,41.37,0,0,0,England
DW Headley,1996-1999,13,6,4,22,10*,44.89,0,0,1,England
CM Wells,1985-1985,2,2,0,22,17,50,0,0,0,England
RA Woolmer,1972-1976,6,4,0,21,9,45.65,0,0,1,England
AP Igglesden,1994-1994,4,3,1,20,18,64.51,0,0,1,England
JW Dernbach,2011-2013,23,8,1,19,5,48.71,0,0,1,England
AG Wharf,2004-2005,12,5,3,19,9,67.85,0,0,1,England
SG Borthwick,2011-2011,2,2,0,18,15,112.5,0,0,0,England
MJ Hoggard,2001-2006,26,6,2,17,7,56.66,0,0,1,England
P Lever,1971-1975,8,3,2,17,8*,70.83,0,0,0,England
CEW Silverwood,1996-2001,7,4,0,17,12,50,0,0,1,England
RL Johnson,2003-2003,9,4,1,16,10,80,0,0,1,England
PJW Allott,1982-1985,13,6,1,15,8,60,0,0,2,England
DM Smith,1986-1990,2,2,1,15,10*,37.5,0,0,0,England
PCR Tufnell,1990-1997,20,10,9,15,5*,48.38,0,0,0,England
AP Wells,1995-1995,1,1,0,15,15,150,0,0,0,England
AR Butcher,1980-1980,1,1,0,14,14,53.84,0,0,0,England
G Chapple,2006-2006,1,1,0,14,14,200,0,0,0,England
BW Luckhurst,1975-1975,1,1,0,14,14,24.13,0,0,0,England
NG Cowans,1983-1985,23,8,3,13,4*,44.82,0,0,3,England
GW Humpage,1981-1981,3,2,0,11,6,45.83,0,0,0,England
TR Ambrose,2008-2008,4,4,1,9,6,32.14,0,0,1,England
DE Malcolm,1990-1994,10,5,2,9,4,81.81,0,0,1,England
SP Fleming,1994-2007,264,261,20,7929,134*,71.42,8,49,16,New Zealand
NJ Astle,1995-2007,211,211,14,6922,145*,72.67,16,40,19,New Zealand
BB McCullum,2002-2014,216,195,27,5079,166,90.9,4,25,17,New Zealand
CL Cairns,1991-2006,206,190,24,4842,115,83.85,4,25,9,New Zealand
MD Crowe,1982-1995,139,138,18,4632,107*,72.21,4,33,3,New Zealand
CD McMillan,1997-2007,185,178,16,4574,117,76.24,3,27,9,New Zealand
SB Styris,1999-2011,177,157,20,4417,141,79.51,4,28,9,New Zealand
CZ Harris,1990-2004,236,209,61,4328,130,66.7,1,16,12,New Zealand
LRPL Taylor,2006-2014,126,120,15,4210,131*,82.37,10,25,7,New Zealand
JG Wright,1978-1992,144,144,1,3849,101,57.59,1,24,9,New Zealand
AC Parore,1992-2002,168,155,29,3206,108,68.01,1,14,19,New Zealand
KR Rutherford,1985-1995,118,114,9,3107,108,64.47,2,18,6,New Zealand
AH Jones,1987-1995,86,86,9,2760,93,58.19,0,25,4,New Zealand
RG Twose,1995-2001,81,78,9,2666,103,75.43,1,20,5,New Zealand
MJ Guptill,2009-2014,79,79,7,2665,189*,79.88,4,17,6,New Zealand
JDP Oram,2001-2012,153,116,15,2434,101*,86.61,1,13,8,New Zealand
L Vincent,2001-2007,98,97,10,2393,172,70.54,3,11,7,New Zealand
MJ Greatbatch,1988-1996,84,83,5,2206,111,71.18,2,13,7,New Zealand
DL Vettori,1997-2013,251,166,48,2040,83,81.6,0,4,21,New Zealand
JV Coney,1979-1987,84,79,19,1850,66*,64.84,0,8,1,New Zealand
BA Edgar,1978-1986,62,62,4,1795,102*,49.24,1,10,3,New Zealand
Sir RJ Hadlee,1973-1990,108,96,16,1740,79,75.52,0,4,4,New Zealand
KS Williamson,2010-2014,51,48,5,1681,145*,79.59,3,11,4,New Zealand
GM Turner,1973-1983,38,38,5,1572,171*,68.34,3,9,1,New Zealand
BA Young,1990-1999,69,68,2,1532,74,60.38,0,8,5,New Zealand
JJ Crowe,1983-1990,73,71,12,1518,88*,61.8,0,7,6,New Zealand
HJH Marshall,2003-2007,63,61,8,1430,101*,72.84,1,12,3,New Zealand
GP Howarth,1975-1985,65,62,4,1363,76,60.49,0,6,1,New Zealand
JD Ryder,2008-2014,45,42,1,1362,107,95.31,3,6,5,New Zealand
PG Fulton,2004-2009,47,45,5,1312,112,72.04,1,8,2,New Zealand
MS Sinclair,2000-2007,53,49,4,1302,118*,62.74,2,8,8,New Zealand
JEC Franklin,2001-2013,104,80,27,1270,98*,76.92,0,4,5,New Zealand
IDS Smith,1980-1992,95,77,16,1055,62*,99.43,0,3,7,New Zealand
JM How,2005-2011,37,35,1,1026,139,66.36,1,7,3,New Zealand
KD Mills,2001-2014,155,97,34,1015,54,81.2,0,2,7,New Zealand
GD Elliott,2008-2013,44,39,6,1013,115,70,1,6,3,New Zealand
BL Cairns,1974-1985,76,65,6,987,60,104.88,0,2,6,New Zealand
SA Thomson,1990-1996,55,52,10,964,83,67.55,0,5,2,New Zealand
NL McCullum,2009-2014,63,53,7,949,65,89.44,0,4,3,New Zealand
CM Spearman,1995-2001,50,50,0,936,86,77.87,0,5,6,New Zealand
MJ Horne,1997-2002,44,43,0,857,74,62.46,0,5,2,New Zealand
CJ Nevin,2000-2003,35,35,0,724,74,73.8,0,4,4,New Zealand
DN Patel,1987-1997,75,63,10,623,71,71.77,0,1,6,New Zealand
GR Larsen,1990-1999,117,69,26,612,37,64.35,0,0,6,New Zealand
JF Reid,1980-1986,22,22,0,604,88,58.02,0,4,0,New Zealand
DJ Nash,1992-2002,74,51,13,598,42,66,0,0,3,New Zealand
RJ Nicol,2011-2013,20,20,1,585,146,76.07,2,2,2,New Zealand
RT Latham,1990-1994,33,33,4,583,60,57.83,0,1,3,New Zealand
MC Snedden,1980-1990,91,54,19,535,64,63.46,0,1,4,New Zealand
BJ Watling,2010-2013,20,20,2,528,96*,68.83,0,5,2,New Zealand
LK Germon,1995-1997,36,31,5,519,89,65.94,0,3,2,New Zealand
JG Bracewell,1983-1990,51,42,12,499,43,71.08,0,0,6,New Zealand
TE Blain,1986-1994,38,38,11,442,49*,66.76,0,0,6,New Zealand
CJ Anderson,2013-2014,11,11,3,424,131*,159.39,1,1,0,New Zealand
AR Adams,2001-2007,41,34,10,419,45,100.47,0,0,1,New Zealand
MG Burgess,1973-1981,24,20,0,336,47,65.24,0,0,1,New Zealand
TG Southee,2008-2014,71,45,16,313,32,90.72,0,0,8,New Zealand
NT Broom,2009-2010,20,20,2,309,71,67.61,0,1,5,New Zealand
BR Hartland,1992-1994,15,15,1,305,68*,50.58,0,2,1,New Zealand
DR Tuffey,2000-2010,89,51,21,294,36,79.67,0,0,7,New Zealand
LG Howell,1998-1998,12,12,0,287,68,73.96,0,4,1,New Zealand
TWM Latham,2012-2013,12,12,1,276,86,76.24,0,1,1,New Zealand
SE Bond,2002-2010,79,39,21,273,31*,76.9,0,0,2,New Zealand
KJ Wadsworth,1973-1976,10,9,1,258,104,77.71,1,0,0,New Zealand
JAH Marshall,2005-2008,10,10,0,250,161,79.87,1,1,2,New Zealand
L Ronchi,2013-2014,17,16,4,249,49,115.81,0,0,1,New Zealand
RB Reid,1988-1991,9,9,0,248,64,55.35,0,2,0,New Zealand
RH Vance,1988-1989,8,8,0,248,96,51.55,0,1,0,New Zealand
JFM Morrison,1975-1983,17,14,3,247,55,53.57,0,1,0,New Zealand
BE Congdon,1973-1978,8,8,3,237,82,65.46,0,2,0,New Zealand
GJ Hopkins,2004-2010,21,17,1,236,45,75.88,0,0,3,New Zealand
DR Flynn,2008-2012,17,16,2,228,35,63.68,0,0,2,New Zealand
JM Parker,1974-1981,22,19,0,223,66,60.1,0,1,1,New Zealand
WK Lees,1979-1983,31,24,5,215,26,70.03,0,0,1,New Zealand
MHW Papps,2004-2005,6,6,2,207,92*,60.52,0,2,0,New Zealand
PE McEwan,1980-1985,15,15,0,204,41,58.95,0,0,0,New Zealand
PJ Ingram,2010-2010,7,7,0,193,69,81.09,0,1,0,New Zealand
C Pringle,1990-1995,61,40,18,190,34*,76.61,0,0,3,New Zealand
SB Doull,1992-2000,41,27,13,172,22,91.48,0,0,2,New Zealand
DK Morrison,1987-1996,96,43,24,171,20*,42.75,0,0,7,New Zealand
RA Jones,2003-2003,5,5,0,168,63,51.06,0,1,0,New Zealand
BR Blair,1982-1986,13,13,1,167,29*,68.16,0,0,2,New Zealand
C Munro,2013-2013,6,6,0,167,85,98.81,0,2,1,New Zealand
CD Cumming,2003-2009,13,13,1,161,45*,53.48,0,0,3,New Zealand
JTC Vaughan,1992-1996,17,15,7,156,33,65,0,0,0,New Zealand
AM Ellis,2012-2013,14,12,1,154,33,83.69,0,0,1,New Zealand
AJ Redmond,2009-2010,6,6,0,152,52,58.68,0,1,0,New Zealand
CM Kuggeleijn,1988-1989,16,11,2,142,40,63.67,0,0,1,New Zealand
GN Edwards,1976-1981,6,6,0,138,41,72.25,0,0,1,New Zealand
MD Bell,1998-2001,7,7,0,133,66,49.62,0,1,0,New Zealand
EJ Chatfield,1979-1989,110,48,37,118,19*,34.1,0,0,6,New Zealand
JDS Neesham,2013-2014,11,9,3,117,42*,95.12,0,0,2,New Zealand
BF Hastings,1973-1975,8,8,1,114,34,53.27,0,0,1,New Zealand
JW Wilson,1993-2005,6,6,1,103,44*,91.96,0,0,1,New Zealand
GB Troup,1976-1985,22,12,8,101,39,72.14,0,0,0,New Zealand
MW Priest,1990-1998,16,13,3,99,24,45.41,0,0,2,New Zealand
EJ Gray,1984-1988,10,7,1,98,38,42.6,0,0,0,New Zealand
AP Devcich,2013-2013,5,5,0,93,46,74.4,0,0,0,New Zealand
MR Gillespie,2006-2009,29,14,8,93,28,78.81,0,0,1,New Zealand
JS Patel,2005-2009,38,13,7,88,34,58.66,0,0,0,New Zealand
W Watson,1986-1994,61,24,13,86,21,47.77,0,0,3,New Zealand
IG Butler,2002-2010,24,13,5,84,25,54.54,0,0,2,New Zealand
EB McSweeney,1986-1987,15,13,4,71,18*,61.2,0,0,2,New Zealand
SR Gillespie,1986-1988,19,11,5,70,18*,66.03,0,0,1,New Zealand
V Pollard,1973-1974,2,2,0,67,55,46.2,0,1,0,New Zealand
RG Petrie,1990-1991,12,8,3,65,21,59.63,0,0,1,New Zealand
PD McGlashan,2009-2009,3,2,1,63,56*,123.52,0,1,0,New Zealand
PG Coman,1973-1974,3,3,0,62,38,59.61,0,0,1,New Zealand
MN Hart,1994-2002,12,8,0,61,16,60.39,0,0,1,New Zealand
MW Douglas,1994-1995,6,6,0,55,30,44.71,0,0,1,New Zealand
GE Bradburn,1990-2001,10,9,3,54,30,47.36,0,0,1,New Zealand
BJ McKechnie,1975-1981,13,8,4,54,27,37.24,0,0,1,New Zealand
TK Canning,2003-2005,4,4,1,52,23*,71.23,0,0,1,New Zealand
PA Horne,1987-1987,4,4,0,50,18,40.98,0,0,1,New Zealand
GK Robertson,1981-1989,10,6,0,49,17,102.08,0,0,1,New Zealand
BGK Walker,2000-2002,11,7,4,47,16*,59.49,0,0,0,New Zealand
PJ Wiseman,1998-2003,13,7,5,45,16,54.21,0,0,0,New Zealand
VR Brown,1988-1988,3,3,0,44,32,51.76,0,0,0,New Zealand
MH Richardson,2002-2002,4,4,0,42,26,43.29,0,0,1,New Zealand
DR Hadlee,1973-1976,9,6,2,40,20,47.61,0,0,2,New Zealand
PN Webb,1983-1984,5,5,1,38,10*,37.62,0,0,0,New Zealand
DJ White,1990-1990,3,3,0,37,15,38.14,0,0,0,New Zealand
C de Grandhomme,2012-2012,1,1,0,36,36,100,0,0,0,New Zealand
AR Tait,1998-1999,5,5,2,35,13*,109.37,0,0,0,New Zealand
RO Collinge,1973-1978,12,8,3,34,9,58.62,0,0,0,New Zealand
PA Hitchcock,2002-2008,12,6,3,34,11*,68,0,0,1,New Zealand
SL Boock,1978-1987,13,7,4,30,12,96.77,0,0,1,New Zealand
TJ Franklin,1983-1988,3,3,0,27,21,30.33,0,0,1,New Zealand
SL Stewart,2010-2010,4,4,0,26,14,44.06,0,0,0,New Zealand
MJ Mason,2003-2010,24,7,4,24,13*,53.33,0,0,1,New Zealand
SB O'Connor,1997-2000,37,13,6,24,8,26.37,0,0,3,New Zealand
AJ Penn,1997-2001,5,3,1,23,15,69.69,0,0,0,New Zealand
ML Su'a,1992-1995,11,6,2,23,12*,46.93,0,0,0,New Zealand
DG Brownlie,2012-2012,3,3,1,22,19,51.16,0,0,0,New Zealand
BR Taylor,1973-1973,1,1,0,22,22,52.38,0,0,0,New Zealand
DA Stirling,1984-1984,6,5,2,21,13*,53.84,0,0,0,New Zealand
BG Hadlee,1975-1975,1,1,0,19,19,24.67,0,0,0,New Zealand
GI Allott,1997-2000,27,11,6,17,7*,30.35,0,0,2,New Zealand
RJ Kennedy,1996-1996,7,4,3,17,8*,113.33,0,0,0,New Zealand
RW Anderson,1976-1978,2,2,1,16,12,34.78,0,0,0,New Zealand
ADG Roberts,1976-1976,1,1,0,16,16,66.66,0,0,0,New Zealand
HD Rutherford,2013-2013,4,4,0,15,11,26.78,0,0,0,New Zealand
DAJ Bracewell,2011-2013,7,4,1,14,8*,48.27,0,0,1,New Zealand
MJ McClenaghan,2013-2014,20,8,6,14,4,29.78,0,0,0,New Zealand
GE Vivian,1973-1973,1,1,0,14,14,46.66,0,0,0,New Zealand
LJ Woodcock,2011-2011,4,2,1,14,11,63.63,0,0,0,New Zealand
MD Bates,2012-2012,2,1,0,13,13,130,0,0,0,New Zealand
HT Davis,1994-1997,11,6,4,13,7*,39.39,0,0,1,New Zealand
RL Hayes,1995-1995,1,1,0,13,13,52,0,0,0,New Zealand
RP de Groen,1993-1994,10,8,3,12,7*,33.33,0,0,4,New Zealand
AJ McKay,2010-2012,19,10,7,12,4*,25.53,0,0,3,New Zealand
AF Milne,2012-2014,5,1,1,12,12*,400,0,0,0,New Zealand
TS Nethula,2012-2012,5,3,1,12,9*,109.09,0,0,1,New Zealand
HK Bennett,2010-2014,13,7,5,10,4*,28.57,0,0,1,New Zealand
MDJ Walker,2003-2003,3,1,0,10,10,166.66,0,0,0,New Zealand
WA Wisneski,2000-2000,2,2,1,10,6,58.82,0,0,0,New Zealand
CJ Drum,1999-1999,4,2,2,9,7*,40.9,0,0,0,New Zealand
MJ Haslam,1992-1992,1,1,0,9,9,50,0,0,0,New Zealand
GP Sulzberger,2000-2000,3,2,1,9,6*,60,0,0,0,New Zealand
TA Boult,2012-2013,7,4,2,8,5,57.14,0,0,0,New Zealand
CS Martin,2001-2008,19,7,2,8,3,29.62,0,0,2,New Zealand
HJ Howarth,1973-1975,6,4,2,7,5*,41.17,0,0,1,New Zealand
RJ Webb,1983-1983,3,1,1,6,6*,60,0,0,0,New Zealand
LJ Hamilton,2005-2005,2,2,2,3,2*,50,0,0,0,New Zealand
RT Hart,1985-1985,1,1,0,3,3,10.34,0,0,0,New Zealand
DJ Murray,1994-1994,1,1,0,3,3,17.64,0,0,0,New Zealand
IE O'Brien,2008-2009,8,2,2,3,3*,27.27,0,0,0,New Zealand
RE Redmond,1973-1973,1,1,0,3,3,27.27,0,0,0,New Zealand
CE Bulfin,1999-1999,2,1,0,2,2,66.66,0,0,0,New Zealand
DR O'Sullivan,1974-1976,3,2,1,2,1*,40,0,0,0,New Zealand
SJ Roberts,1990-1990,2,1,1,1,1*,50,0,0,0,New Zealand
BP Bracewell,1978-1978,1,1,1,0,0*,0,0,0,0,New Zealand
RG Hart,2002-2002,2,1,0,0,0,0,0,0,1,New Zealand
JP Millmow,1990-1990,5,1,1,0,0*,0,0,0,0,New Zealand
MB Owens,1992-1992,1,1,0,0,0,0,0,0,1,New Zealand
NM Parker,1976-1976,1,1,0,0,0,0,0,0,1,New Zealand
GW Aldridge,2011-2011,2,0,0,0,0,0,0,0,0,New Zealand
MD Bailey,1998-1998,1,0,0,0,0,0,0,0,0,New Zealand
MJ Henry,2014-2014,1,0,0,0,0,0,0,0,0,New Zealand
LW Stott,1979-1979,1,0,0,0,0,0,0,0,0,New Zealand
EP Thompson,2009-2009,1,0,0,0,0,0,0,0,0,New Zealand
KP Walmsley,2003-2003,2,0,0,0,0,0,0,0,0,New Zealand
Inzamam-ul-Haq,1991-2007,375,348,52,11701,137*,74.2,10,83,20,Pakistan
Mohammad Yousuf,1998-2010,281,267,40,9554,141*,74.91,15,62,15,Pakistan
Saeed Anwar,1989-2003,247,244,19,8824,194,80.67,20,43,15,Pakistan
Shahid Afridi,1996-2014,373,345,25,7582,124,115.54,6,36,28,Pakistan
Javed Miandad,1975-1996,233,218,41,7381,119*,67.01,8,50,8,Pakistan
Saleem Malik,1982-1999,283,256,38,7170,102,76.41,5,47,19,Pakistan
Younis Khan,2000-2013,253,243,23,7014,144,75.36,6,48,21,Pakistan
Ijaz Ahmed,1986-2000,250,232,29,6564,139*,80.3,10,37,14,Pakistan
Rameez Raja,1985-1997,198,197,15,5841,119*,63.31,9,31,15,Pakistan
Shoaib Malik,1999-2013,216,193,25,5490,143,78.28,7,31,13,Pakistan
Abdul Razzaq,1996-2011,261,225,57,5031,112,81.67,3,23,13,Pakistan
Aamer Sohail,1990-2000,156,155,5,4780,134,65.5,5,31,10,Pakistan
Misbah-ul-Haq,2002-2014,146,133,31,4527,96*,73.97,0,37,5,Pakistan
Mohammad Hafeez,2003-2014,146,146,9,4254,140*,72.54,9,20,13,Pakistan
Wasim Akram,1984-2003,356,280,55,3717,86,88.33,0,6,28,Pakistan
Imran Khan,1974-1992,175,151,40,3709,102*,72.65,1,19,6,Pakistan
Moin Khan,1990-2004,219,183,41,3266,72*,81.3,0,12,17,Pakistan
Kamran Akmal,2002-2013,154,135,14,3168,124,83.83,5,10,9,Pakistan
Salman Butt,2004-2010,78,78,4,2725,136,76.28,8,14,15,Pakistan
Mudassar Nazar,1977-1989,122,115,10,2653,95,51.71,0,16,6,Pakistan
Umar Akmal,2009-2014,94,83,15,2623,102*,87.08,2,19,6,Pakistan
Zaheer Abbas,1974-1985,62,60,6,2572,123,84.8,7,13,2,Pakistan
Yasir Hameed,2003-2007,56,56,1,2028,127*,66.95,3,12,2,Pakistan
Imran Nazir,1999-2009,79,79,2,1895,160,81.01,2,9,10,Pakistan
Mohsin Khan,1977-1986,75,75,5,1877,117*,55.64,2,8,3,Pakistan
Imran Farhat,2001-2013,58,58,2,1719,107,69.06,1,13,3,Pakistan
Rashid Latif,1992-2003,166,117,29,1709,79,76.39,0,3,8,Pakistan
Saleem Elahi,1995-2004,48,47,4,1579,135,71.31,4,9,3,Pakistan
Azhar Mahmood,1996-2007,143,110,26,1521,67,76.5,0,3,9,Pakistan
Ahmed Shehzad,2009-2014,45,45,1,1514,124,71.55,5,6,3,Pakistan
Nasir Jamshed,2008-2013,43,43,3,1383,112,76.53,3,8,3,Pakistan
Shoaib Mohammad,1984-1993,63,58,6,1269,126*,50.92,1,8,8,Pakistan
Basit Ali,1993-1996,50,43,6,1265,127*,75.79,1,9,3,Pakistan
Asad Shafiq,2010-2013,46,45,3,1096,84,69.41,0,8,5,Pakistan
Asif Mujtaba,1986-1996,66,55,14,1068,113*,63.91,1,6,8,Pakistan
Waqar Younis,1989-2003,262,139,45,969,37,67.05,0,0,15,Pakistan
Fawad Alam,2007-2014,29,27,10,791,114*,77.47,1,5,1,Pakistan
Majid Khan,1973-1982,23,22,1,786,109,74.71,1,7,1,Pakistan
Wasim Raja,1973-1985,54,45,10,782,60,66.95,0,2,6,Pakistan
Saleem Yousuf,1982-1990,86,62,19,768,62,75,0,4,5,Pakistan
Manzoor Elahi,1984-1995,54,46,13,741,50*,89.6,0,1,1,Pakistan
Saqlain Mushtaq,1995-2003,169,98,38,711,37*,49.58,0,0,13,Pakistan
Qasim Umar,1983-1987,31,31,3,642,69,57.06,0,4,3,Pakistan
Abdul Qadir,1983-1993,104,68,26,641,41*,75.5,0,0,6,Pakistan
Mansoor Akhtar,1980-1990,41,35,1,593,47,51.65,0,0,1,Pakistan
Aamer Malik,1988-1994,24,23,1,556,90,56.21,0,5,1,Pakistan
Mohammad Wasim,1996-2000,25,25,2,543,76,52.06,0,3,4,Pakistan
Naved-ul-Hasan,2003-2010,74,51,18,524,33,84.51,0,0,4,Pakistan
Taufeeq Umar,2001-2011,22,22,1,504,81*,56.31,0,3,0,Pakistan
Azhar Ali,2011-2013,14,14,3,452,96,64.84,0,4,0,Pakistan
Umar Gul,2003-2014,124,63,17,451,39,70.8,0,0,9,Pakistan
Sohaib Maqsood,2013-2014,14,14,1,433,73,78.01,0,3,0,Pakistan
Mushtaq Ahmed,1989-2003,144,76,34,399,34*,57.16,0,0,10,Pakistan
Sadiq Mohammad,1973-1980,19,19,1,383,74,50.72,0,2,0,Pakistan
Shoaib Akhtar,1998-2011,158,80,39,361,43,71.06,0,0,11,Pakistan
Wajahatullah Wasti,1999-2000,15,15,0,349,84,48.94,0,1,1,Pakistan
Zahid Fazal,1990-1994,19,18,3,348,98*,59.58,0,2,0,Pakistan
Sohail Tanvir,2007-2013,58,36,9,347,59,84.22,0,1,3,Pakistan
Asif Iqbal,1973-1979,10,8,2,330,62,70.81,0,5,0,Pakistan
Saeed Ajmal,2008-2014,110,68,24,318,33,61.62,0,0,10,Pakistan
Faisal Iqbal,2000-2006,18,16,2,314,100*,60.5,1,0,3,Pakistan
Mohammad Sami,2001-2012,85,46,19,314,46,64.08,0,0,5,Pakistan
Zahoor Elahi,1996-1997,14,14,1,297,86,58.57,0,3,3,Pakistan
Wahab Riaz,2008-2013,39,29,7,291,47*,76.98,0,0,9,Pakistan
Aaqib Javed,1988-1998,163,51,26,267,45*,58.55,0,0,7,Pakistan
Naved Latif,2001-2003,11,11,0,262,113,62.82,1,0,1,Pakistan
Umar Amin,2010-2013,14,14,1,250,59,69.25,0,1,0,Pakistan
Hasan Raza,1996-1999,16,13,0,242,77,50.41,0,1,1,Pakistan
Khurram Manzoor,2008-2009,7,7,0,236,83,62.93,0,3,1,Pakistan
Iftikhar Anjum,2004-2010,62,34,19,234,32,61.9,0,0,4,Pakistan
Sarfraz Nawaz,1973-1984,45,31,8,221,34*,64.05,0,0,5,Pakistan
Wasim Bari,1973-1984,51,26,13,221,34,51.27,0,0,0,Pakistan
Tahir Naqqash,1980-1985,40,23,9,210,61,86.77,0,1,4,Pakistan
Mushtaq Mohammad,1973-1978,10,9,3,209,55,59.2,0,1,0,Pakistan
Sarfraz Ahmed,2007-2013,26,15,4,201,46*,71.53,0,0,1,Pakistan
Moin-ul-Atiq,1988-1989,5,5,0,199,105,71.32,1,0,0,Pakistan
Ijaz Faqih,1980-1988,27,19,3,197,42*,56.12,0,0,4,Pakistan
Akram Raza,1989-1995,49,25,14,193,33*,62.25,0,0,4,Pakistan
Sharjeel Khan,2013-2014,9,9,0,185,61,81.85,0,1,0,Pakistan
Saadat Ali,1984-1984,8,7,1,184,78*,53.95,0,1,0,Pakistan
Mohammad Amir,2009-2010,15,12,4,167,73*,78.03,0,1,3,Pakistan
Haroon Rasheed,1977-1982,12,10,2,166,63*,52.53,0,1,0,Pakistan
Mohammad Hussain,1997-1998,14,12,7,154,31*,113.23,0,0,0,Pakistan
Khalid Latif,2008-2010,5,5,0,147,64,64.47,0,1,1,Pakistan
Abdur Rehman,2006-2014,31,23,6,142,31,53.99,0,0,4,Pakistan
Shahid Saeed,1989-1993,10,10,0,141,50,44.62,0,1,0,Pakistan
Arshad Khan,1993-2006,58,29,18,133,20,61.29,0,0,5,Pakistan
Bazid Khan,2004-2008,5,5,0,131,66,56.46,0,2,1,Pakistan
Sajid Ali,1984-1997,13,12,0,130,28,44.36,0,0,0,Pakistan
Shahid Mahboob,1982-1984,10,6,1,119,77,61.34,0,1,1,Pakistan
Azam Khan,1996-1998,6,5,0,116,72,65.53,0,1,0,Pakistan
Tauseef Ahmed,1982-1990,70,25,14,116,27*,53.7,0,0,3,Pakistan
Anwar Ali,2013-2014,5,5,2,113,43*,83.7,0,0,0,Pakistan
Naved Anjum,1984-1992,13,12,3,113,30,73.37,0,0,1,Pakistan
Hasan Jamil,1977-1978,6,5,0,111,28,92.5,0,0,0,Pakistan
Rashid Khan,1980-1985,29,15,7,110,17,63.58,0,0,0,Pakistan
Shahzaib Hasan,2010-2010,3,3,0,100,50,88.49,0,1,0,Pakistan
Manzoor Akhtar,1997-1998,7,4,0,97,44,65.98,0,0,0,Pakistan
Aamer Hanif,1993-1995,5,4,2,89,36*,69.53,0,0,0,Pakistan
Anil Dalpat,1984-1986,15,10,3,87,37,63.97,0,0,1,Pakistan
Younis Ahmed,1987-1987,2,2,0,84,58,55.62,0,1,0,Pakistan
Bilawal Bhatti,2013-2014,8,5,1,80,39,129.03,0,0,0,Pakistan
Hammad Azam,2011-2012,8,6,2,76,36,63.86,0,0,0,Pakistan
Yasir Arafat,2000-2009,11,8,3,74,27,67.27,0,0,0,Pakistan
Ashraf Ali,1980-1985,16,9,5,69,19*,51.11,0,0,1,Pakistan
Akhtar Sarfraz,1997-1998,4,4,0,66,25,66.66,0,0,0,Pakistan
Saeed Azad,1995-1996,4,4,0,65,31,49.61,0,0,0,Pakistan
Adnan Akmal,2011-2012,5,4,1,62,27,69.66,0,0,0,Pakistan
Shakeel Ahmed jnr,1995-1995,2,2,0,61,36,47.65,0,0,0,Pakistan
Humayun Farhat,2001-2001,5,3,0,60,39,107.14,0,0,0,Pakistan
Sohail Fazal,1989-1989,2,2,0,56,32,94.91,0,0,0,Pakistan
Ghulam Ali,1993-1995,3,3,0,53,38,43.8,0,0,0,Pakistan
Junaid Khan,2011-2014,46,19,10,50,25,51.54,0,0,4,Pakistan
Zafar Iqbal,1995-1995,8,6,0,48,18,77.41,0,0,1,Pakistan
Zulqarnain Haider,2010-2010,4,4,2,48,19*,70.58,0,0,0,Pakistan
Azeem Hafeez,1983-1985,15,10,7,45,15,43.26,0,0,1,Pakistan
Haris Sohail,2013-2013,4,3,0,45,26,68.18,0,0,0,Pakistan
Azmat Rana,1978-1978,2,2,1,42,22*,57.53,0,0,0,Pakistan
Shafiq Ahmed,1977-1978,3,3,0,41,29,45.05,0,0,0,Pakistan
Iqbal Qasim,1977-1988,15,7,1,39,13,43.33,0,0,2,Pakistan
Shahid Anwar,1996-1996,1,1,0,37,37,84.09,0,0,0,Pakistan
Saleem Jaffar,1986-1990,39,13,11,36,10*,49.31,0,0,2,Pakistan
Ata-ur-Rehman,1992-1996,30,13,6,34,11*,44.73,0,0,2,Pakistan
Atiq-uz-Zaman,2000-2000,3,3,1,34,18,94.44,0,0,0,Pakistan
Mohammad Asif,2005-2010,35,16,7,34,6,34,0,0,3,Pakistan
Sikander Bakht,1977-1989,27,11,7,31,16*,31.95,0,0,2,Pakistan
Imran Abbas,2000-2000,2,2,0,29,28,46.03,0,0,0,Pakistan
Kamran Hussain,2008-2008,2,1,1,28,28*,133.33,0,0,0,Pakistan
Taslim Arif,1980-1980,2,2,0,28,24,48.27,0,0,0,Pakistan
Mohsin Kamal,1984-1989,19,6,3,27,11*,67.5,0,0,0,Pakistan
Mujahid Jamshed,1997-1997,4,3,1,27,23,50,0,0,0,Pakistan
Zakir Khan,1984-1990,17,5,4,27,11*,42.85,0,0,0,Pakistan
Aizaz Cheema,2011-2012,14,6,3,26,9*,57.77,0,0,0,Pakistan
Pervez Mir,1975-1977,3,3,1,26,18,59.09,0,0,0,Pakistan
Wasim Haider,1992-1992,3,2,0,26,13,37.14,0,0,0,Pakistan
Saleem Altaf,1973-1978,6,2,1,25,21,47.16,0,0,0,Pakistan
Shahid Nazir,1996-2000,17,8,7,25,8,58.13,0,0,0,Pakistan
Naeem Ashraf,1995-1995,2,2,1,24,16,55.81,0,0,0,Pakistan
Mohammad Salman,2011-2011,7,3,1,22,19*,56.41,0,0,1,Pakistan
Mohammad Irfan,2010-2013,27,15,10,21,4*,33.33,0,0,3,Pakistan
Rizwan-uz-Zaman,1981-1987,3,3,0,20,14,15.5,0,0,0,Pakistan
Saleem Pervez,1980-1980,1,1,0,18,18,46.15,0,0,0,Pakistan
Tanvir Ahmed,2011-2011,2,1,0,18,18,150,0,0,0,Pakistan
Zulqarnain,1985-1989,16,6,3,18,11*,60,0,0,2,Pakistan
Intikhab Alam,1973-1976,4,2,0,17,10,37.77,0,0,0,Pakistan
Irfan Fazil,2000-2000,1,1,0,15,15,93.75,0,0,0,Pakistan
Mansoor Rana,1990-1990,2,2,0,15,10,62.5,0,0,0,Pakistan
Mohammad Zahid,1996-2002,11,4,2,15,7*,68.18,0,0,0,Pakistan
Asif Mahmood,1998-1998,2,2,0,14,14,41.17,0,0,1,Pakistan
Mohammad Akram,1995-2000,23,9,7,14,7*,41.17,0,0,1,Pakistan
Nadeem Ghauri,1990-1990,6,3,2,14,7*,56,0,0,0,Pakistan
Aamer Nazir,1993-1995,9,3,2,13,9*,65,0,0,0,Pakistan
Asad Ali,2013-2013,4,2,0,13,11,81.25,0,0,0,Pakistan
Usman Salahuddin,2011-2011,2,2,0,13,8,46.42,0,0,0,Pakistan
Danish Kaneria,2001-2007,18,10,8,12,6*,54.54,0,0,2,Pakistan
Javed Qadeer,1995-1995,1,1,0,12,12,52.17,0,0,0,Pakistan
Arshad Pervez,1978-1978,2,2,0,11,8,23.4,0,0,0,Pakistan
Haafiz Shahid,1988-1988,3,3,2,11,7*,47.82,0,0,0,Pakistan
Asif Masood,1973-1976,7,3,1,10,6,58.82,0,0,1,Pakistan
Kabir Khan,1994-2000,10,5,4,10,5,40,0,0,0,Pakistan
Shabbir Ahmed,1999-2005,32,11,5,10,2,34.48,0,0,0,Pakistan
Faisal Athar,2003-2003,1,1,0,9,9,23.68,0,0,0,Pakistan
Fazl-e-Akbar,1998-2001,2,1,0,7,7,87.5,0,0,0,Pakistan
Liaqat Ali,1977-1978,3,1,0,7,7,22.58,0,0,0,Pakistan
Ehsan Adil,2013-2013,2,1,1,5,5*,50,0,0,0,Pakistan
Jalal-ud-Din,1982-1983,8,2,0,5,5,100,0,0,1,Pakistan
Mansoor Amjad,2008-2008,1,1,0,5,5,50,0,0,0,Pakistan
Maqsood Rana,1990-1990,1,1,0,5,5,38.46,0,0,0,Pakistan
Naumanullah,2008-2008,1,1,0,5,5,125,0,0,0,Pakistan
Sajjad Akbar,1990-1990,2,1,0,5,5,55.55,0,0,0,Pakistan
Mohammad Nazir,1980-1984,4,3,3,4,2*,25,0,0,0,Pakistan
Sohail Khan,2008-2011,5,1,0,4,4,44.44,0,0,0,Pakistan
Ijaz Ahmed jnr,1997-1997,2,1,1,3,3*,150,0,0,0,Pakistan
Zahid Ahmed,1987-1987,2,2,1,3,3*,23.07,0,0,1,Pakistan
Junaid Zia,2003-2003,4,2,1,2,2*,28.57,0,0,1,Pakistan
Kashif Raza,2001-2001,1,1,1,2,2*,100,0,0,0,Pakistan
Masood Iqbal,1984-1984,1,1,0,2,2,100,0,0,0,Pakistan
Nadeem Khan,1993-1995,2,1,0,2,2,66.66,0,0,0,Pakistan
Iqbal Sikander,1992-1992,4,1,1,1,1*,33.33,0,0,0,Pakistan
Mahmood Hamid,1995-1995,1,1,0,1,1,16.66,0,0,0,Pakistan
Nasim-ul-Ghani,1973-1973,1,1,0,1,1,12.5,0,0,0,Pakistan
Mohammad Khalil,2005-2005,3,1,1,0,0*,0,0,0,0,Pakistan
Mohammad Talha,2014-2014,3,1,0,0,0,0,0,0,1,Pakistan
Naeem Ahmed,1978-1978,1,1,1,0,0*,0,0,0,0,Pakistan
Najaf Shah,2007-2007,1,1,0,0,0,0,0,0,1,Pakistan
Naseer Malik,1975-1975,3,1,1,0,0*,0,0,0,0,Pakistan
Rahat Ali,2012-2012,1,1,1,0,0*,0,0,0,0,Pakistan
Shadab Kabir,1996-1996,3,3,0,0,0,0,0,0,3,Pakistan
Shakeel Khan,1987-1987,1,1,0,0,0,0,0,0,1,Pakistan
Tanvir Mehdi,1992-1992,1,1,0,0,0,0,0,0,1,Pakistan
Aamer Hameed,1977-1978,2,0,0,0,0,0,0,0,0,Pakistan
Abdur Rauf,2008-2008,4,0,0,0,0,0,0,0,0,Pakistan
Ashfaq Ahmed,1994-1994,3,0,0,0,0,0,0,0,0,Pakistan
Irfan Bhatti,1993-1993,1,0,0,0,0,0,0,0,0,Pakistan
Rizwan Ahmed,2008-2008,1,0,0,0,0,0,0,0,0,Pakistan
Samiullah Khan,2008-2008,2,0,0,0,0,0,0,0,0,Pakistan
Yasir Shah,2011-2011,1,0,0,0,0,0,0,0,0,Pakistan
ST Jayasuriya,1989-2011,441,429,18,13364,189,91.25,28,68,34,Sri Lanka
KC Sangakkara,2000-2014,362,339,36,12241,169,77.32,18,82,14,Sri Lanka
DPMD Jayawardene,1998-2014,407,380,37,11243,144,78.07,15,69,27,Sri Lanka
PA de Silva,1984-2003,308,296,30,9284,145,81.13,11,64,17,Sri Lanka
MS Atapattu,1990-2007,268,259,32,8529,132*,67.72,11,59,13,Sri Lanka
TM Dilshan,1999-2014,277,252,39,8025,160*,85.7,17,34,9,Sri Lanka
A Ranatunga,1982-1999,269,255,47,7456,131*,77.9,4,49,18,Sri Lanka
WU Tharanga,2005-2013,170,162,9,5218,174*,73.95,13,28,14,Sri Lanka
RS Mahanama,1986-1999,213,198,23,5162,119*,60.57,4,35,15,Sri Lanka
RP Arnold,1997-2007,180,155,43,3950,103,72.57,1,28,7,Sri Lanka
AP Gurusinha,1985-1996,147,143,5,3902,117*,60.88,2,22,12,Sri Lanka
HP Tillakaratne,1986-2003,200,168,40,3789,104,57.51,2,13,10,Sri Lanka
RS Kaluwitharana,1990-2004,189,181,14,3711,102*,77.7,2,23,24,Sri Lanka
AD Mathews,2008-2014,121,99,30,2565,80*,83.65,0,19,10,Sri Lanka
WPUJC Vaas,1994-2008,321,219,72,2018,50*,72.45,0,1,25,Sri Lanka
LD Chandimal,2010-2014,80,72,12,1875,111,74.08,2,11,8,Sri Lanka
DA Gunawardene,1998-2006,61,61,1,1708,132,71.49,1,12,5,Sri Lanka
UDU Chandana,1994-2007,147,111,17,1627,89,72.99,0,5,8,Sri Lanka
LPC Silva,1999-2011,75,62,7,1587,107*,70.4,1,13,6,Sri Lanka
RL Dias,1979-1987,58,55,5,1573,121,67.94,2,11,3,Sri Lanka
LRD Mendis,1975-1989,79,74,9,1527,80,75.07,0,7,4,Sri Lanka
CK Kapugedera,2006-2012,92,76,7,1521,95,72.56,0,8,6,Sri Lanka
HDRL Thirimanne,2010-2014,62,47,4,1322,102*,69.83,3,6,3,Sri Lanka
HDPK Dharmasena,1994-2004,141,87,33,1222,69*,65.03,0,4,2,Sri Lanka
KMDN Kulasekara,2003-2014,147,95,29,1064,73,81.34,0,3,8,Sri Lanka
MF Maharoof,2004-2012,104,71,17,1042,69*,84.44,0,2,3,Sri Lanka
DSBP Kuruppu,1983-1990,54,52,1,1022,72,51.66,0,4,3,Sri Lanka
RS Madugalle,1979-1988,63,56,5,950,73,60.35,0,3,4,Sri Lanka
SHT Kandamby,2004-2011,38,35,6,870,93*,69.71,0,5,1,Sri Lanka
TT Samaraweera,1998-2011,53,42,11,862,105*,69.29,2,0,4,Sri Lanka
RS Kalpage,1992-1999,86,69,28,844,51,63.93,0,1,2,Sri Lanka
MAR Samarasekera,1983-1994,39,39,2,844,76,69.92,0,4,2,Sri Lanka
JR Ratnayeke,1982-1990,78,69,14,824,50,52.45,0,1,4,Sri Lanka
S Wettimuny,1982-1987,35,33,1,786,86*,48.04,0,4,1,Sri Lanka
NLTC Perera,2009-2014,75,55,12,782,80*,104.54,0,3,4,Sri Lanka
J Mubarak,2002-2013,40,37,6,704,72,63.13,0,4,1,Sri Lanka
M Muralitharan,1993-2011,343,161,63,674,33*,77.73,0,0,24,Sri Lanka
UC Hathurusingha,1992-1999,35,33,1,669,66,50.75,0,4,3,Sri Lanka
MDKJ Perera,2013-2014,27,25,3,620,106,84.01,1,3,2,Sri Lanka
RJ Ratnayake,1982-1993,70,55,18,612,33*,86.8,0,0,4,Sri Lanka
BMAJ Mendis,2010-2013,39,29,6,468,72,80.96,0,1,1,Sri Lanka
ALF de Mel,1982-1987,57,41,9,466,36,78.31,0,0,6,Sri Lanka
SAR Silva,1984-1985,20,20,0,441,85,52.62,0,3,1,Sri Lanka
SL Malinga,2004-2014,166,80,24,424,56,77.51,0,1,18,Sri Lanka
RG de Alwis,1983-1988,31,27,8,401,59*,78.32,0,2,2,Sri Lanka
WS Jayantha,2004-2004,17,17,2,400,74*,75.47,0,2,2,Sri Lanka
T Thushara,2008-2010,38,27,6,392,54*,92.45,0,1,4,Sri Lanka
DS de Silva,1975-1985,41,29,10,371,37*,53.69,0,0,0,Sri Lanka
GP Wickramasinghe,1990-2002,134,64,24,344,32,63.35,0,0,12,Sri Lanka
DNT Zoysa,1997-2007,95,47,21,343,47*,95.81,0,0,5,Sri Lanka
LWS Kaluperuma,1975-1982,4,3,3,33,14*,55,0,0,0,Sri Lanka
HM Goonatilleke,1982-1982,6,4,3,31,14*,53.44,0,0,0,Sri Lanka
MN Nawaz,1998-2002,3,3,1,31,15*,43.66,0,0,0,Sri Lanka
TCB Fernando,2001-2003,17,10,6,29,14*,49.15,0,0,1,Sri Lanka
ARM Opatha,1975-1979,5,3,0,29,18,52.72,0,0,1,Sri Lanka
HAPW Jayawardene,2003-2007,6,5,0,27,20,61.36,0,0,1,Sri Lanka
S Jeganathan,1983-1988,5,4,1,25,20*,64.1,0,0,0,Sri Lanka
SP Pasqual,1979-1979,2,2,1,24,23*,85.71,0,0,0,Sri Lanka
UNK Fernando,1994-1994,2,2,2,22,20*,88,0,0,0,Sri Lanka
MAWR Madurasinghe,1988-1992,12,6,4,21,8*,33.87,0,0,0,Sri Lanka
KIW Wijegunawardene,1988-1992,26,12,5,20,8*,36.36,0,0,4,Sri Lanka
HSM Pieris,1975-1975,3,3,1,19,16,32.2,0,0,0,Sri Lanka
RGCE Wijesuriya,1982-1985,8,3,2,18,12*,37.5,0,0,1,Sri Lanka
RMS Eranga,2011-2013,13,8,5,17,7*,38.63,0,0,1,Sri Lanka
IS Gallage,1999-2001,3,2,1,17,14,62.96,0,0,0,Sri Lanka
RSA Jayasekera,1982-1982,2,1,0,17,17,40.47,0,0,0,Sri Lanka
KN Amalean,1986-1988,8,3,1,15,9,57.69,0,0,0,Sri Lanka
AMN Munasinghe,1994-1996,5,4,1,13,8,25,0,0,1,Sri Lanka
AM de Silva,1986-1993,4,2,0,12,8,50,0,0,0,Sri Lanka
SMS Kaluperuma,1988-1988,2,2,0,11,7,26.82,0,0,0,Sri Lanka
DLS de Silva,1979-1979,2,1,0,10,10,28.57,0,0,0,Sri Lanka
GN de Silva,1983-1985,4,2,1,9,7,50,0,0,0,Sri Lanka
GRA de Silva,1975-1982,6,4,2,9,6*,27.27,0,0,1,Sri Lanka
TL Fernando,1989-1989,1,1,0,8,8,133.33,0,0,0,Sri Lanka
JC Gamage,1995-1995,4,2,2,8,7*,88.88,0,0,0,Sri Lanka
PDRL Perera,1999-2007,19,7,2,8,4*,44.44,0,0,4,Sri Lanka
DM Vonhagt,1985-1985,1,1,0,8,8,47.05,0,0,0,Sri Lanka
WCA Ganegama,2001-2006,4,2,0,7,7,77.77,0,0,1,Sri Lanka
MKGCP Lakshitha,2002-2003,7,2,1,7,4,58.33,0,0,0,Sri Lanka
M Pushpakumara,2009-2010,3,1,1,7,7*,36.84,0,0,0,Sri Lanka
MKDI Amerasinghe,2007-2008,8,4,4,6,5*,66.66,0,0,0,Sri Lanka
RAS Lakmal,2009-2014,25,11,7,5,2*,13.51,0,0,3,Sri Lanka
UWMBCA Welegedara,2009-2010,10,3,2,4,2*,44.44,0,0,0,Sri Lanka
RPAH Wickramaratne,1993-1993,3,2,0,4,3,66.66,0,0,0,Sri Lanka
JWHD Boteju,1999-1999,2,2,1,3,2,27.27,0,0,0,Sri Lanka
D Gamage,2003-2003,3,2,1,3,2*,30,0,0,0,Sri Lanka
PD Heyn,1975-1975,2,2,0,3,2,15,0,0,0,Sri Lanka
MC Mendis,1995-1995,1,1,1,3,3*,150,0,0,0,Sri Lanka
AAW Gunawardena,1994-1994,1,1,0,2,2,20,0,0,0,Sri Lanka
AP Weerakkody,1994-1994,1,1,0,2,2,50,0,0,0,Sri Lanka
MD Wettimuny,1983-1983,1,1,0,2,2,18.18,0,0,0,Sri Lanka
AGD Wickremasinghe,1992-1993,4,1,0,2,2,20,0,0,0,Sri Lanka
CI Dunusinghe,1995-1995,1,1,0,1,1,100,0,0,0,Sri Lanka
SA Jayasinghe,1979-1979,2,1,0,1,1,33.33,0,0,0,Sri Lanka
AK Perera,2013-2014,3,1,0,1,1,20,0,0,0,Sri Lanka
KJ Silva,1995-1995,1,1,1,1,1*,100,0,0,0,Sri Lanka
KPJ Warnaweera,1990-1993,6,3,3,1,1*,9.09,0,0,0,Sri Lanka
MRCN Bandaratilleke,1998-1998,3,1,0,0,0,0,0,0,1,Sri Lanka
N Pradeep,2012-2012,2,1,1,0,0*,-,0,0,0,Sri Lanka
N Ranatunga,1993-1993,2,1,0,0,0,0,0,0,1,Sri Lanka
ML Udawatte,2008-2008,9,9,0,257,73,67.1,0,2,1,Sri Lanka
S Ranatunga,1994-1996,13,11,0,253,70,48.09,0,2,0,Sri Lanka
GF Labrooy,1986-1992,44,36,7,249,33,71.14,0,0,6,Sri Lanka
CRD Fernando,2001-2012,146,61,35,239,20,60.96,0,0,9,Sri Lanka
S Randiv,2009-2011,28,15,1,239,56,71.55,0,1,2,Sri Lanka
SHU Karnain,1984-1990,19,17,5,229,41*,59.32,0,0,2,Sri Lanka
KS Lokuarachchi,2003-2007,21,18,3,210,69,80.15,0,1,2,Sri Lanka
CPH Ramanayake,1986-1995,62,35,14,210,26,56.14,0,0,7,Sri Lanka
SMSM Senanayake,2012-2014,28,18,7,209,42,101.45,0,0,3,Sri Lanka
SMA Priyanjan,2013-2014,7,7,1,200,74,71.68,0,2,0,Sri Lanka
ASA Perera,1998-2001,20,13,2,195,56*,75.87,0,1,1,Sri Lanka
SI de Saram,1999-2001,15,13,2,183,38,67.77,0,0,0,Sri Lanka
B Warnapura,1975-1982,12,12,0,180,77,43.37,0,1,1,Sri Lanka
SKL de Silva,1997-1997,11,6,3,161,57,83.41,0,2,0,Sri Lanka
HMCM Bandara,2006-2010,31,17,4,160,31,71.42,0,0,3,Sri Lanka
K Weeraratne,2000-2008,15,9,1,160,41,90.39,0,0,0,Sri Lanka
AN Ranasinghe,1975-1982,9,8,1,153,51,104.08,0,1,2,Sri Lanka
DK Liyanage,1992-2001,16,11,2,144,43,69.56,0,0,0,Sri Lanka
EAR de Silva,1986-1992,28,20,6,138,19*,57.26,0,0,2,Sri Lanka
APB Tennekoon,1975-1979,4,4,0,137,59,66.18,0,1,1,Sri Lanka
SRD Wettimuny,1975-1979,3,3,1,136,67,56.19,0,2,0,Sri Lanka
BAW Mendis,2008-2014,70,32,15,135,19*,68.52,0,0,7,Sri Lanka
CP Senanayake,1990-1991,7,7,0,126,27,59.71,0,0,1,Sri Lanka
HMRKB Herath,2004-2013,55,24,12,123,17*,68.33,0,0,2,Sri Lanka
ERNS Fernando,1983-1983,7,5,0,101,36,46.75,0,0,2,Sri Lanka
S Prasanna,2011-2013,12,10,2,101,42,81.45,0,0,2,Sri Lanka
DP Samaraweera,1993-1994,5,4,0,91,49,53.84,0,0,0,Sri Lanka
PB Dassanayake,1993-1994,16,10,2,85,20*,59.85,0,0,0,Sri Lanka
VB John,1982-1987,45,19,10,84,15,55.26,0,0,3,Sri Lanka
FDM Karunaratne,2011-2013,6,6,1,84,60,73.68,0,1,2,Sri Lanka
LHD Dilhara,2005-2013,9,9,0,83,29,77.57,0,0,1,Sri Lanka
PC de Silva,2014-2014,5,5,1,78,44,85.71,0,0,0,Sri Lanka
MH Tissera,1975-1975,3,3,0,78,52,53.06,0,1,0,Sri Lanka
KDK Vithanage,2013-2014,5,5,1,70,27,82.35,0,0,0,Sri Lanka
Y Goonasekera,1983-1983,3,3,0,69,35,66.34,0,0,0,Sri Lanka
KTGD Prasad,2006-2014,13,6,3,63,31*,76.82,0,0,0,Sri Lanka
SD Anurasiri,1986-1994,45,18,12,62,11,43.35,0,0,2,Sri Lanka
SK Ranasinghe,1986-1986,4,3,0,55,41,67.9,0,0,1,Sri Lanka
RAP Nissanka,2001-2003,23,13,5,53,11,37.85,0,0,2,Sri Lanka
D Ranatunga,1990-1990,4,4,0,49,25,31.41,0,0,1,Sri Lanka
KEA Upashantha,1995-2001,12,8,1,49,15,56.97,0,0,0,Sri Lanka
MG Vandort,2006-2006,1,1,0,48,48,41.02,0,0,0,Sri Lanka
ER Fernando,1975-1975,3,3,0,47,22,71.21,0,0,0,Sri Lanka
MDK Perera,2007-2008,4,4,0,44,30,57.14,0,0,0,Sri Lanka
KHRK Fernando,2002-2006,7,5,3,43,23*,59.72,0,0,0,Sri Lanka
KSC de Silva,1996-2000,38,19,13,39,13*,42.39,0,0,4,Sri Lanka
CKB Kulasekara,2011-2012,4,3,0,38,19,52.77,0,0,1,Sri Lanka
PW Gunaratne,2002-2003,23,8,3,36,15*,57.14,0,0,2,Sri Lanka
KR Pushpakumara,1994-1999,31,9,5,36,14*,69.23,0,0,2,Sri Lanka
SM Warnapura,2007-2008,3,3,0,35,30,46.05,0,0,1,Sri Lanka
SR Tendulkar,1989-2012,463,452,41,18426,200*,86.23,49,96,20,India
SC Ganguly,1992-2007,308,297,23,11221,183,73.65,22,71,16,India
R Dravid,1996-2011,340,314,39,10768,153,71.18,12,82,13,India
M Azharuddin,1985-2000,334,308,54,9378,153*,74.02,7,58,9,India
Yuvraj Singh,2000-2013,290,265,38,8237,139,86.98,13,51,18,India
V Sehwag,1999-2013,241,235,9,7995,219,104.44,15,37,14,India
MS Dhoni,2004-2014,240,211,62,7872,183*,88.67,8,54,7,India
V Kohli,2008-2014,134,126,18,5634,183,89.87,19,30,9,India
A Jadeja,1992-2000,196,179,36,5359,119,69.8,6,30,10,India
G Gambhir,2003-2013,147,143,11,5238,150*,85.25,11,34,11,India
SK Raina,2005-2014,189,162,32,4596,116*,91.35,3,29,11,India
NS Sidhu,1987-1998,136,127,8,4413,134*,69.72,6,33,7,India
K Srikkanth,1981-1992,146,145,4,4091,123,71.74,4,27,11,India
N Kapil Dev,1978-1994,225,198,39,3783,175*,95.07,1,14,13,India
DB Vengsarkar,1976-1991,129,120,19,3508,105,67.73,1,23,7,India
RG Sharma,2007-2014,123,117,21,3427,209,78.61,4,22,8,India
RJ Shastri,1981-1992,150,128,21,3108,109,61.07,4,18,5,India
SM Gavaskar,1974-1987,108,102,14,3092,103*,62.26,1,27,8,India
M Kaif,2002-2006,125,110,24,2753,111*,72.03,2,17,8,India
VG Kambli,1991-2000,104,97,21,2477,106,71.94,2,14,4,India
VVS Laxman,1998-2006,86,83,7,2338,131,71.23,6,10,3,India
RR Singh,1989-2001,136,113,23,2336,100,74.3,1,9,5,India
SV Manjrekar,1988-1996,74,70,10,1994,105,64.3,1,15,3,India
M Amarnath,1975-1989,85,75,12,1924,102*,57.7,2,13,2,India
M Prabhakar,1984-1996,130,98,21,1858,106,60.26,2,11,8,India
IK Pathan,2004-2012,120,87,21,1544,83,79.54,0,5,7,India
RA Jadeja,2009-2014,101,68,22,1541,78,82.98,0,9,5,India
S Dhawan,2010-2014,39,38,2,1504,119,89.52,5,7,2,India
KD Karthik,2004-2014,71,60,13,1313,79,73.22,0,7,4,India
NR Mongia,1994-2000,140,96,33,1272,69,68.9,0,2,4,India
AB Agarkar,1998-2007,191,113,26,1269,95,80.62,0,3,10,India
D Mongia,2001-2007,57,51,7,1230,159*,71.47,1,4,4,India
Harbhajan Singh,1998-2011,227,121,33,1166,49,80.19,0,0,15,India
SM Patil,1980-1986,45,42,1,1005,84,82.17,0,9,4,India
A Kumble,1990-2007,269,134,47,903,26,60.97,0,0,18,India
J Srinath,1991-2003,229,121,38,883,53,79.62,0,1,19,India
Yashpal Sharma,1978-1985,42,40,9,883,89,63.02,0,4,0,India
HK Badani,2000-2004,40,36,10,867,100,73.47,1,4,1,India
YK Pathan,2008-2012,57,41,11,810,123*,113.6,2,3,7,India
RV Uthappa,2006-2008,38,34,5,786,86,91.92,0,5,3,India
R Lamba,1986-1989,32,31,2,783,102,67.15,1,6,2,India
Z Khan,2000-2012,194,96,31,753,34*,72.33,0,0,14,India
PA Patel,2003-2012,38,34,3,736,95,76.5,0,4,2,India
AM Rahane,2011-2014,27,27,0,687,91,72.16,0,5,3,India
S Ramesh,1999-1999,24,24,1,646,82,59.15,0,6,3,India
RMH Binny,1980-1987,72,49,10,629,57,60.13,0,1,4,India
WV Raman,1988-1996,27,27,1,617,114,55.63,1,3,6,India
SB Joshi,1996-2001,69,45,11,584,61*,89.43,0,1,4,India
R Ashwin,2010-2014,79,46,12,583,65,89.96,0,1,4,India
KS More,1984-1993,94,65,22,563,42*,69.67,0,0,5,India
PK Amre,1991-1994,37,30,5,513,84*,64.2,0,2,1,India
AO Malhotra,1982-1986,20,19,4,457,65,70.85,0,1,0,India
C Sharma,1983-1994,65,35,16,456,101*,90.47,1,0,3,India
GR Viswanath,1974-1982,25,23,1,439,75,52.89,0,2,1,India
AK Sharma,1988-1993,31,27,6,424,59*,90.4,0,3,2,India
S Madan Lal,1974-1987,67,35,14,401,53*,62.17,0,1,1,India
SMH Kirmani,1976-1986,49,31,13,373,48*,60.55,0,0,2,India
SS Karim,1997-2000,34,27,4,362,55,64.64,0,1,2,India
HH Kanitkar,1997-2000,34,27,8,339,57,66.21,0,1,2,India
N Chopra,1998-2000,39,26,6,310,61,62.24,0,1,1,India
P Kumar,2007-2012,68,33,12,292,54*,88.21,0,1,2,India
CS Pandit,1986-1992,36,23,9,290,33*,72.5,0,0,2,India
RS Sodhi,2000-2002,18,14,3,280,67,73.49,0,2,0,India
KBJ Azad,1980-1986,25,21,2,269,39*,67.25,0,0,3,India
AD Gaekwad,1975-1987,15,14,1,269,78*,52.84,0,1,2,India
SS Dighe,2000-2001,23,17,6,256,94*,60.8,0,1,1,India
M Vijay,2010-2013,14,13,0,253,33,66.4,0,0,0,India
MK Tiwary,2008-2012,8,8,1,251,104*,77.46,1,1,0,India
BP Patel,1974-1979,10,9,1,243,82,60.9,0,1,0,India
AT Rayudu,2013-2014,10,8,2,243,63*,67.31,0,2,0,India
BKV Prasad,1994-2001,161,63,31,221,19,60.21,0,0,8,India
Y Venugopal Rao,2005-2006,16,11,2,218,61*,60.05,0,1,2,India
V Dahiya,2000-2001,19,15,2,216,51,80.89,0,1,2,India
V Rathour,1996-1997,7,7,0,193,54,58.3,0,2,0,India
SB Bangar,2002-2004,15,15,2,180,57*,75.31,0,1,3,India
SC Khanna,1979-1984,10,10,2,176,56,66.41,0,2,1,India
GAHM Parkar,1982-1984,10,10,1,165,42,49.69,0,0,0,India
RR Powar,2004-2007,31,19,5,163,54,62.69,0,1,0,India
AC Bedade,1994-1994,13,10,3,158,51,86.33,0,1,0,India
JJ Martin,1999-2001,10,8,1,158,39,47.73,0,0,1,India
CPS Chauhan,1978-1981,7,7,0,153,46,50.83,0,0,0,India
RS Gavaskar,2004-2004,11,10,2,151,54,64.52,0,1,0,India
AR Khurasiya,1999-2001,12,11,0,149,57,79.25,0,1,1,India
A Nehra,2001-2011,117,45,21,140,24,57.37,0,0,9,India
R Vijay Bharadwaj,1999-2002,10,9,4,136,41*,70.1,0,0,1,India
B Kumar,2012-2014,35,17,5,135,31,80.83,0,0,4,India
RK Chauhan,1993-1997,35,18,5,132,32,77.19,0,0,4,India
MSK Prasad,1998-1999,17,11,2,131,63,58.22,0,1,2,India
M Kartik,2002-2007,37,14,5,126,32*,70.78,0,0,1,India
J Arun Lal,1982-1989,13,13,0,122,51,52.58,0,1,4,India
L Balaji,2002-2009,30,16,6,120,21*,78.94,0,0,2,India
V Yadav,1992-1994,19,12,2,118,34*,101.72,0,0,2,India
Arshad Ayub,1987-1990,32,17,7,116,31*,71.6,0,0,1,India
GK Khoda,1998-1998,2,2,0,115,89,62.16,0,1,0,India
FM Engineer,1974-1975,5,4,1,114,54*,58.46,0,1,0,India
KD Ghavri,1975-1981,19,16,6,114,20,58.76,0,0,1,India
RP Singh,2005-2011,58,20,10,104,23,42.97,0,0,3,India
S Amarnath,1978-1978,3,3,0,100,62,84.03,0,1,0,India
S Abid Ali,1974-1975,5,3,0,93,70,70.45,0,1,0,India
A Ratra,2002-2002,12,8,1,90,30,70.86,0,0,0,India
VB Chandrasekhar,1988-1990,7,7,0,88,53,54.32,0,1,0,India
R Vinay Kumar,2010-2013,31,13,4,86,27*,58.9,0,0,2,India
S Sriram,2000-2004,8,7,1,81,57,60,0,1,1,India
Jai P Yadav,2002-2005,12,7,3,81,69,65.85,0,1,2,India
SK Sharma,1988-1990,23,12,4,80,28,59.25,0,0,2,India
S Badrinath,2008-2011,7,6,1,79,27*,45.93,0,0,0,India
MM Patel,2006-2011,70,27,16,74,15,66.07,0,0,4,India
AL Wadekar,1974-1974,2,2,0,73,67,81.11,0,1,0,India
I Sharma,2007-2014,72,27,13,72,13,36,0,0,4,India
S Viswanath,1985-1988,22,12,4,72,23*,51.79,0,0,0,India
JV Paranjpe,1998-1998,4,4,1,54,27,59.34,0,0,0,India
S Venkataraghavan,1974-1983,15,9,4,54,26*,42.85,0,0,2,India
Mohammed Shami,2013-2014,29,12,6,53,14*,77.94,0,0,3,India
D Dasgupta,2001-2001,5,4,1,51,24*,62.19,0,0,1,India
A Mithun,2010-2011,5,3,0,51,24,92.72,0,0,0,India
BS Sandhu,1982-1984,22,7,3,51,16*,52.57,0,0,2,India
ST Banerjee,1991-1992,6,5,3,49,25*,116.66,0,0,0,India
DJ Gandhi,1999-2000,3,3,0,49,30,50.51,0,0,0,India
Maninder Singh,1983-1993,59,18,14,49,8*,54.44,0,0,1,India
SS Tiwary,2010-2010,3,2,2,49,37*,87.5,0,0,0,India
Sarandeep Singh,2002-2003,5,4,1,47,19,64.38,0,0,0,India
PP Ojha,2008-2012,18,10,8,46,16*,41.07,0,0,0,India
AV Mankad,1974-1974,1,1,0,44,44,72.13,0,0,0,India
S Sreesanth,2005-2011,53,21,10,44,10*,36.36,0,0,3,India
AR Kapoor,1995-2000,17,6,0,43,19,68.25,0,0,3,India
SS Das,2001-2002,4,4,1,39,30,50.64,0,0,0,India
PP Chawla,2007-2011,25,12,5,38,13*,65.51,0,0,1,India
SS Naik,1974-1974,2,2,0,38,20,55.88,0,0,0,India
Joginder Sharma,2004-2007,4,3,2,35,29*,116.66,0,0,0,India
SA Ankola,1989-1997,20,13,4,34,9,80.95,0,0,5,India
RR Kulkarni,1983-1987,10,5,3,33,15,84.61,0,0,0,India
AS Wassan,1990-1991,9,6,2,33,16,58.92,0,0,1,India
SLV Raju,1990-1996,53,16,8,32,8,47.76,0,0,4,India
BS Bedi,1974-1979,10,7,2,31,13,44.28,0,0,1,India
DS Mohanty,1997-2001,45,11,6,28,18*,49.12,0,0,3,India
ED Solkar,1974-1976,7,6,0,27,13,34.17,0,0,1,India
UT Yadav,2010-2013,28,10,8,27,11*,57.44,0,0,1,India
A Kuruvilla,1997-1997,25,11,4,26,7,60.46,0,0,1,India
SV Bahutule,1997-2003,8,4,1,23,11,79.31,0,0,0,India
V Razdan,1989-1990,3,3,1,23,18,85.18,0,0,0,India
B Arun,1986-1987,4,3,1,21,8,65.62,0,0,0,India
AB Dinda,2010-2013,13,5,0,21,16,58.33,0,0,2,India
PH Sharma,1976-1976,2,2,0,20,14,51.28,0,0,0,India
T Kumaran,1999-2000,8,3,0,19,8,70.37,0,0,0,India
LR Shukla,1999-1999,3,2,0,18,13,94.73,0,0,0,India
S Somasunder,1996-1996,2,2,0,16,9,25.39,0,0,0,India
A Mishra,2003-2014,23,5,2,15,9,57.69,0,0,2,India
PS Vaidya,1995-1996,4,2,0,15,12,125,0,0,0,India
GK Bose,1974-1974,1,1,0,13,13,72.22,0,0,0,India
CA Pujara,2013-2013,2,2,0,13,13,46.42,0,0,1,India
BS Chandrasekhar,1976-1976,1,1,1,11,11*,84.61,0,0,0,India
NM Kulkarni,1997-1998,10,5,3,11,5*,55,0,0,1,India
B Reddy,1978-1981,3,2,2,11,8*,55,0,0,0,India
G Sharma,1985-1987,11,2,0,11,7,45.83,0,0,0,India
W Jaffer,2006-2006,2,2,0,10,10,43.47,0,0,1,India
AV Kale,2003-2003,1,1,0,10,10,45.45,0,0,0,India
TE Srinivasan,1980-1981,2,2,0,10,6,28.57,0,0,0,India
NA David,1997-1997,4,2,2,9,8*,90,0,0,0,India
DR Doshi,1980-1982,15,5,2,9,5*,45,0,0,2,India
LS Rajput,1985-1987,4,4,1,9,8,29.03,0,0,2,India
VR Aaron,2011-2014,8,3,2,8,6*,53.33,0,0,1,India
P Dharmani,1996-1996,1,1,0,8,8,100,0,0,0,India
ND Hirwani,1988-1992,18,7,3,8,4,27.58,0,0,2,India
SS Raul,1998-1998,2,2,0,8,8,57.14,0,0,1,India
RL Sanghvi,1998-1998,10,2,0,8,8,72.72,0,0,1,India
VRV Singh,2006-2006,2,1,0,8,8,61.53,0,0,0,India
PL Mhambrey,1996-1998,3,1,1,7,7*,140,0,0,0,India
T Yohannan,2002-2002,3,2,2,7,5*,63.63,0,0,0,India
Bhupinder Singh snr,1994-1994,2,1,0,6,6,46.15,0,0,0,India
U Chatterjee,1995-1995,3,2,1,6,3*,20,0,0,0,India
Harvinder Singh,1997-2001,16,5,1,6,3*,31.57,0,0,1,India
P Krishnamurthy,1976-1976,1,1,0,6,6,46.15,0,0,0,India
AK Patel,1984-1985,8,2,0,6,6,54.54,0,0,1,India
L Sivaramakrishnan,1985-1987,16,4,2,5,2*,20.83,0,0,0,India
D Ganesh,1997-1997,1,1,0,4,4,50,0,0,0,India
Gursharan Singh,1990-1990,1,1,0,4,4,40,0,0,0,India
GK Pandey,1999-1999,2,2,1,4,4*,36.36,0,0,1,India
WP Saha,2010-2010,3,1,0,4,4,80,0,0,0,India
AM Salvi,2003-2003,4,3,1,4,4*,28.57,0,0,2,India
R Sudhakar Rao,1976-1976,1,1,0,4,4,28.57,0,0,0,India
SV Nayak,1981-1982,4,1,0,3,3,15.78,0,0,0,India
Pankaj Singh,2010-2010,1,1,1,3,3*,100,0,0,0,India
SP Mukherjee,1990-1991,3,1,1,2,2*,100,0,0,0,India
RS Ghai,1984-1986,6,1,0,1,1,33.33,0,0,0,India
NV Ojha,2010-2010,1,1,0,1,1,14.28,0,0,0,India
R Sharma,2011-2012,4,1,0,1,1,50,0,0,0,India
S Tyagi,2009-2010,4,1,1,1,1*,50,0,0,0,India
NS Yadav,1986-1987,7,2,2,1,1*,6.25,0,0,0,India
B Yograj Singh,1980-1981,6,4,2,1,1,8.33,0,0,1,India
A Bhandari,2000-2004,2,1,1,0,0*,0,0,0,0,India
STR Binny,2014-2014,2,1,0,0,0,0,0,0,1,India
AM Nayar,2009-2009,3,1,1,0,0*,0,0,0,0,India
MM Sharma,2013-2013,5,1,1,0,0*,0,0,0,0,India
M Venkataramana,1988-1988,1,1,1,0,0*,0,0,0,0,India
MS Gony,2008-2008,2,0,0,0,0,0,0,0,0,India
RGM Patel,1988-1988,1,0,0,0,0,0,0,0,0,India
Randhir Singh,1981-1983,2,0,0,0,0,0,0,0,0,India
TAP Sekhar,1983-1985,4,0,0,0,0,0,0,0,0,India
RP Singh,1986-1986,2,0,0,0,0,0,0,0,0,India
JD Unadkat,2013-2013,7,0,0,0,0,0,0,0,0,India
JH Kallis,1996-2013,320,306,53,11545,139,73.19,17,86,16,South Africa
HH Gibbs,1996-2010,248,240,16,8094,175,83.26,21,37,22,South Africa
GC Smith,2002-2013,196,193,10,6989,141,80.86,10,47,7,South Africa
G Kirsten,1993-2003,185,185,19,6798,188*,72.04,13,45,11,South Africa
AB de Villiers,2005-2013,154,148,25,6181,146,93.92,16,35,6,South Africa
JN Rhodes,1992-2003,245,220,51,5935,121,80.9,2,33,12,South Africa
WJ Cronje,1992-2000,188,175,31,5565,112,76.47,2,39,8,South Africa
MV Boucher,1998-2011,290,216,57,4523,147*,84.66,1,25,16,South Africa
HM Amla,2008-2013,85,82,6,4054,150,90.14,12,23,2,South Africa
DJ Cullinan,1993-2000,138,133,16,3860,124,70.28,3,23,10,South Africa
L Klusener,1996-2004,171,137,50,3576,103*,89.91,2,19,13,South Africa
HH Dippenaar,1999-2006,101,89,14,3300,125*,67.52,4,25,3,South Africa
JP Duminy,2004-2013,115,106,23,3260,150*,83.58,3,18,7,South Africa
SM Pollock,1996-2008,294,196,70,3193,90,85.55,0,13,20,South Africa
AC Hudson,1991-1997,89,88,1,2559,161,64.62,2,18,6,South Africa
ND McKenzie,2000-2009,64,55,10,1688,131*,69.4,2,10,2,South Africa
KC Wessels,1991-1994,55,54,4,1627,90,51.76,0,12,0,South Africa
N Boje,1995-2005,113,69,18,1410,129,89.29,2,4,2,South Africa
JM Kemp,2001-2007,79,60,18,1371,100*,82.78,1,9,5,South Africa
PN Kirsten,1991-1994,40,40,6,1293,97,56.02,0,9,0,South Africa
JA Rudolph,2003-2006,43,37,6,1157,81,68.66,0,7,0,South Africa
F du Plessis,2011-2013,47,45,5,1102,72,83.54,0,7,0,South Africa
AG Prince,2002-2007,49,38,11,940,89*,68.01,0,2,2,South Africa
AJ Hall,1999-2007,88,56,13,905,81,75.04,0,3,5,South Africa
DJ Richardson,1991-1998,122,77,33,868,53,66.87,0,1,6,South Africa
CA Ingram,2010-2013,31,29,3,843,124,82.32,3,3,5,South Africa
BM McMillan,1991-1998,78,52,16,841,127,73.32,1,0,3,South Africa
DA Miller,2010-2013,40,37,11,811,85*,96.89,0,6,4,South Africa
JA Morkel,2004-2012,56,41,10,760,97,101.33,0,2,1,South Africa
Q de Kock,2013-2013,16,16,0,741,135,86.56,4,0,0,South Africa
PL Symcox,1993-1999,80,54,13,694,61,83.61,0,3,6,South Africa
J Botha,2005-2012,76,48,17,578,46,83.4,0,0,2,South Africa
MJR Rindel,1994-1999,22,22,1,575,106,66.86,1,2,1,South Africa
RJ Peterson,2002-2013,77,40,14,545,68,80.62,0,1,4,South Africa
AP Kuiper,1991-1996,25,23,7,539,63*,81.41,0,3,0,South Africa
AN Petersen,2006-2013,21,19,1,504,80,82.62,0,4,0,South Africa
DJ Callaghan,1992-2000,29,25,6,493,169*,67.9,1,0,2,South Africa
R McLaren,2009-2013,40,32,12,410,71*,74.41,0,1,2,South Africa
MN van Wyk,2003-2011,13,13,1,331,82,70.87,0,3,2,South Africa
RP Snell,1991-1996,42,28,8,322,63,97.57,0,2,1,South Africa
DM Benkenstein,1998-2002,23,20,3,305,69,65.87,0,1,3,South Africa
LE Bosman,2006-2010,13,11,0,299,88,102.04,0,2,2,South Africa
DN Crookes,1994-2000,32,23,3,296,54,71.84,0,1,3,South Africa
WD Parnell,2009-2013,33,18,5,283,56,79.49,0,1,1,South Africa
AM Bacher,1997-2005,13,13,0,270,56,57.56,0,1,0,South Africa
EO Simons,1994-1995,23,18,4,217,24,73.55,0,0,1,South Africa
M Ntini,1998-2009,172,46,23,199,42*,66.77,0,0,9,South Africa
JL Ontong,2001-2012,27,15,2,184,32,69.43,0,0,0,South Africa
F Behardien,2013-2013,11,10,2,172,58,78.89,0,1,1,South Africa
DW Steyn,2006-2013,77,29,7,172,35,66.4,0,0,6,South Africa
PS de Villiers,1992-1997,83,36,15,170,20*,77.98,0,0,7,South Africa
M Morkel,2007-2013,70,28,8,148,23*,75.12,0,0,6,South Africa
CR Matthews,1991-1997,56,22,9,141,26,69.8,0,0,3,South Africa
A Nel,2001-2008,79,22,12,127,30*,76.5,0,0,2,South Africa
M van Jaarsveld,2002-2004,11,7,1,124,45,73.37,0,0,1,South Africa
RK Kleinveldt,2013-2013,10,7,0,105,43,84.67,0,0,1,South Africa
VD Philander,2007-2013,13,9,4,103,23,85.83,0,0,1,South Africa
S Elworthy,1998-2002,39,16,8,100,23,62.5,0,0,3,South Africa
AA Donald,1991-2003,164,40,18,95,13,34.05,0,0,12,South Africa
GFJ Liebenberg,1995-1998,4,4,0,94,39,47.23,0,0,0,South Africa
D Elgar,2012-2012,5,4,0,93,42,58.86,0,0,0,South Africa
JJ van der Wath,2006-2007,10,8,2,89,37*,127.14,0,0,3,South Africa
GH Bodi,2007-2007,2,2,0,83,51,62.87,0,1,0,South Africa
LJ Koen,1997-2000,5,5,0,82,28,48.52,0,0,1,South Africa
MW Rushmere,1992-1992,4,4,0,78,35,44.82,0,0,0,South Africa
CK Langeveldt,2001-2010,72,21,10,73,12,58.87,0,0,1,South Africa
R Telemachus,1998-2006,37,15,3,73,29,77.65,0,0,2,South Africa
AC Dawson,1998-2004,19,7,4,69,23*,102.98,0,0,0,South Africa
SJ Cook,1991-1993,4,4,0,67,35,56.77,0,0,1,South Africa
PR Adams,1996-2003,24,9,5,66,33*,53.22,0,0,2,South Africa
ELR Stewart,1993-2002,6,6,2,61,23*,52.58,0,0,0,South Africa
LL Tsotsobe,2009-2013,61,21,13,56,16*,51.37,0,0,3,South Africa
SJ Palframan,1996-1996,7,4,0,55,28,68.75,0,0,0,South Africa
MW Pringle,1992-1994,17,8,3,48,13*,85.71,0,0,1,South Africa
PC Strydom,2000-2000,10,8,3,48,34,51.06,0,0,1,South Africa
RE van der Merwe,2009-2010,13,7,3,39,12,95.12,0,0,1,South Africa
RE Bryson,1997-1997,7,4,3,32,17*,128,0,0,0,South Africa
M Yachad,1991-1991,1,1,0,31,31,40.25,0,0,0,South Africa
AM Phangiso,2013-2013,5,4,1,27,18*,57.44,0,0,2,South Africa
CEB Rice,1991-1991,3,2,0,26,14,70.27,0,0,0,South Africa
TG Shaw,1991-1994,9,6,4,26,17*,74.28,0,0,1,South Africa
N Pothas,2000-2000,3,1,0,24,24,58.53,0,0,0,South Africa
J Louw,2008-2008,3,1,0,23,23,328.57,0,0,0,South Africa
O Henry,1992-1992,3,3,1,20,11,76.92,0,0,0,South Africa
S Abrahams,2000-2000,1,1,1,16,16*,61.53,0,0,0,South Africa
CH Morris,2013-2013,5,3,1,13,9*,52,0,0,0,South Africa
M Hayward,1998-2002,21,5,1,12,4,42.85,0,0,1,South Africa
VB van Jaarsveld,2009-2009,2,2,0,9,5,60,0,0,0,South Africa
H Davids,2013-2013,2,2,0,8,7,33.33,0,0,0,South Africa
HS Williams,1999-2000,7,2,1,8,7,72.72,0,0,0,South Africa
SD Jack,1994-1995,2,2,0,7,6,87.5,0,0,0,South Africa
CE Eksteen,1991-1994,6,2,2,6,6*,24,0,0,0,South Africa
DB Rundle,1994-1994,2,2,0,6,6,54.54,0,0,1,South Africa
KJ Abbott,2013-2013,2,1,0,5,5,125,0,0,0,South Africa
Imran Tahir,2011-2013,13,5,3,5,3,29.41,0,0,0,South Africa
DJ Terbrugge,2000-2000,4,2,1,5,5,35.71,0,0,0,South Africa
J Theron,2010-2010,4,1,0,5,5,100,0,0,0,South Africa
PJR Steyn,1995-1995,1,1,0,4,4,28.57,0,0,0,South Africa
M Zondeki,2002-2008,11,2,2,4,3*,133.33,0,0,0,South Africa
CJPG van Zyl,1992-1992,2,2,1,3,3*,27.27,0,0,1,South Africa
MS Tshabalala,2007-2007,4,1,1,2,2*,66.66,0,0,0,South Africa
PV Mpitsang,1999-1999,2,1,1,1,1*,100,0,0,0,South Africa
GJP Kruger,2006-2006,3,2,1,0,0*,0,0,0,1,South Africa
AG Puttick,2005-2005,1,1,0,0,0,0,0,0,1,South Africa
CM Willoughby,2000-2003,3,2,0,0,0,0,0,0,2,South Africa
T Bosch,1992-1992,2,0,0,0,0,0,0,0,0,South Africa
M de Lange,2012-2012,1,0,0,0,0,0,0,0,0,South Africa
PL Harris,2008-2008,3,0,0,0,0,0,0,0,0,South Africa
CW Henderson,2001-2001,4,0,0,0,0,0,0,0,0,South Africa
JC Kent,2002-2002,2,0,0,0,0,0,0,0,0,South Africa
BN Schultz,1992-1992,1,0,0,0,0,0,0,0,0,South Africa
RT Ponting,1995-2012,374,364,39,13589,164,80.19,29,82,20,Australia
AC Gilchrist,1996-2008,286,278,11,9595,172,96.89,16,55,19,Australia
ME Waugh,1988-2002,244,236,20,8500,173,76.9,18,50,16,Australia
MJ Clarke,2003-2014,236,215,43,7683,130,78.76,8,55,10,Australia
SR Waugh,1986-2002,325,288,58,7569,120*,75.91,3,45,15,Australia
MG Bevan,1994-2004,232,196,67,6912,108*,74.16,6,46,5,Australia
AR Border,1979-1994,273,252,39,6524,127*,71.42,3,39,11,Australia
ML Hayden,1993-2008,160,154,15,6131,181*,78.98,10,36,9,Australia
DM Jones,1984-1994,164,161,25,6068,145,72.56,7,46,6,Australia
DC Boon,1984-1995,181,177,16,5964,122,65.13,5,37,6,Australia
MEK Hussey,2004-2012,185,157,44,5442,109*,87.16,3,39,3,Australia
DR Martyn,1992-2006,208,182,51,5346,144*,77.73,5,37,10,Australia
SR Watson,2002-2014,173,152,24,5256,185*,90.2,9,30,11,Australia
A Symonds,1998-2009,198,161,33,5088,156,92.44,6,30,15,Australia
GR Marsh,1986-1992,117,115,6,4357,126*,55.93,9,22,4,Australia
MA Taylor,1989-1997,113,110,1,3514,105,59.46,1,28,4,Australia
DS Lehmann,1996-2005,117,101,22,3078,119,81.34,4,17,4,Australia
BJ Haddin,2001-2014,105,98,11,2753,110,82.27,2,16,2,Australia
GS Chappell,1971-1983,74,72,14,2331,138*,75.7,3,14,7,Australia
GM Wood,1978-1989,83,77,11,2219,114*,59.57,3,11,4,Australia
CL White,2005-2011,87,73,15,2037,105,80.48,2,11,3,Australia
KJ Hughes,1977-1985,97,88,6,1968,98,67.42,0,17,12,Australia
DJ Hussey,2008-2013,69,61,6,1796,111,90.7,1,14,4,Australia
IA Healy,1988-1997,168,120,36,1764,56,83.84,0,4,9,Australia
KC Wessels,1983-1985,54,51,3,1740,107,59.08,1,14,0,Australia
SE Marsh,2008-2014,45,44,2,1667,151,77.03,3,10,3,Australia
GJ Bailey,2012-2014,39,37,6,1647,156,91.39,2,12,1,Australia
JR Hopes,2005-2010,84,61,8,1326,63*,93.71,0,3,1,Australia
SM Katich,2001-2006,45,42,5,1324,107*,68.74,1,9,3,Australia
DA Warner,2009-2014,42,41,0,1287,163,82.39,2,8,1,Australia
SP O'Donnell,1985-1991,87,64,15,1242,74*,80.96,0,9,5,Australia
SG Law,1994-1999,54,51,5,1237,110,75.28,1,7,3,Australia
RW Marsh,1971-1984,92,76,15,1225,66,82.26,0,4,7,Australia
TM Moody,1987-1999,76,64,12,1211,89,69.31,0,10,6,Australia
B Lee,2000-2012,221,110,44,1176,59,83.58,0,3,16,Australia
SK Warne,1993-2003,193,106,28,1016,55,72,0,1,10,Australia
MJ Slater,1993-1997,42,42,1,987,73,60.4,0,9,3,Australia
GM Ritchie,1982-1987,44,42,7,959,84,64.84,0,6,2,Australia
AC Voges,2007-2013,31,28,9,870,112*,87.17,1,4,0,Australia
SB Smith,1983-1985,28,24,2,861,117,65.27,2,8,1,Australia
WB Phillips,1982-1986,48,41,6,852,75*,85.71,0,6,1,Australia
MG Johnson,2005-2014,136,79,27,829,73*,92.11,0,2,5,Australia
DW Hookes,1977-1986,39,36,2,826,76,72.07,0,5,3,Australia
GN Yallop,1978-1984,30,27,6,823,66*,63.89,0,7,1,Australia
MS Wade,2012-2014,42,38,2,792,75,68.92,0,4,4,Australia
GB Hogg,1996-2008,123,65,26,790,71*,78.68,0,2,9,Australia
AJ Finch,2013-2014,23,22,0,772,148,92.34,3,2,2,Australia
J Dyson,1980-1983,29,27,4,755,79,48.61,0,4,1,Australia
TD Paine,2009-2011,26,26,1,737,111,68.87,1,5,1,Australia
IJ Harvey,1997-2004,73,51,11,715,48*,88.16,0,0,2,Australia
IM Chappell,1971-1980,16,16,2,673,86,77,0,8,0,Australia
CJ Ferguson,2009-2011,30,25,9,663,71*,85.32,0,5,0,Australia
PJ Hughes,2013-2013,20,19,1,660,138*,74.57,2,2,1,Australia
GJ Maxwell,2012-2014,24,23,5,621,92,124.2,0,6,1,Australia
GRJ Matthews,1984-1993,59,50,13,619,54,67.94,0,1,5,Australia
BM Laird,1979-1982,23,23,3,594,117*,53.75,1,2,0,Australia
BJ Hodge,2005-2007,25,21,2,575,123,87.51,1,3,3,Australia
GS Blewett,1995-1999,32,30,3,551,57*,61.97,0,2,3,Australia
KD Walters,1971-1981,28,24,6,513,59,70.08,0,2,1,Australia
JP Faulkner,2013-2014,24,16,5,506,116,116.58,1,3,0,Australia
PR Reiffel,1992-1999,92,57,21,503,58,70.94,0,1,5,Australia
MRJ Veletta,1987-1989,20,19,4,484,68*,75.38,0,2,2,Australia
S Lee,1995-2001,45,35,8,477,47,95.4,0,0,3,Australia
AJ Bichel,1997-2004,67,36,13,471,64,78.5,0,1,5,Australia
JP Maher,1998-2003,26,20,3,438,95,65.08,0,1,1,Australia
PL Taylor,1987-1992,83,47,25,437,54*,74.95,0,1,4,Australia
CJ McDermott,1985-1996,138,78,17,432,37,87.8,0,0,15,Australia
SPD Smith,2010-2014,34,23,4,399,46*,87.88,0,0,2,Australia
DM Wellham,1981-1987,17,17,2,379,97,54.22,0,1,0,Australia
GF Lawson,1980-1989,79,52,18,378,33*,75.6,0,0,9,Australia
PJ Forrest,2012-2012,15,14,0,368,104,65.59,1,3,2,Australia
WM Darling,1978-1982,18,18,1,363,74,53.46,0,1,0,Australia
NM Hauritz,2002-2011,58,32,17,336,53*,96.27,0,1,0,Australia
RB McCosker,1975-1982,14,14,0,320,95,51.36,0,2,2,Australia
JN Gillespie,1996-2005,97,39,16,289,44*,78.53,0,0,8,Australia
DT Christian,2012-2014,19,18,5,273,39,88.92,0,0,0,Australia
R Edwards,1972-1975,9,8,1,255,80*,73.06,0,3,1,Australia
A Turner,1975-1975,6,6,0,247,101,79.93,1,0,0,Australia
MJ Di Venuto,1997-1997,9,9,0,241,281,85.76,0,2,0,Australia
DK Lillee,1972-1983,63,34,8,240,42*,75,0,0,6,Australia
TM Chappell,1980-1983,20,13,0,229,110,62.73,1,0,2,Australia
AMJ Hilditch,1979-1985,8,8,0,226,72,47.47,0,1,0,Australia
BP Julian,1993-1999,25,17,0,224,35,89.6,0,0,4,Australia
KR Stackpole,1971-1974,6,6,0,224,61,57.88,0,3,0,Australia
NW Bracken,2001-2009,116,35,18,199,21*,70.56,0,0,5,Australia
CJ McKay,2009-2014,59,31,10,190,30,56.37,0,0,3,Australia
JR Thomson,1975-1985,50,30,6,181,21,64.64,0,0,5,Australia
GC Dyer,1986-1988,23,13,2,174,45*,76.65,0,0,1,Australia
JL Langer,1994-1997,8,7,2,160,36,88.88,0,0,0,Australia
GJ Cosier,1975-1979,9,7,2,154,84,92.77,0,1,1,Australia
DW Fleming,1994-2001,88,31,18,152,29,68.77,0,0,5,Australia
JM Wiener,1979-1980,7,7,0,140,50,43.2,0,1,0,Australia
KH MacLeay,1983-1987,16,13,2,139,41,81.76,0,0,0,Australia
RM Hogg,1979-1985,71,35,20,137,22,63.13,0,0,2,Australia
TJ Zoehrer,1986-1994,22,15,3,130,50,71.03,0,1,2,Australia
PA Jaques,2006-2007,6,6,0,125,94,71.02,0,1,1,Australia
AIC Dodemaide,1988-1993,24,16,7,124,30,77.98,0,0,1,Australia
MA Starc,2010-2013,19,7,4,122,52*,100.82,0,1,0,Australia
GD McGrath,1993-2007,249,67,38,115,11,48.93,0,0,13,Australia
MJ Cosgrove,2006-2006,3,3,0,112,74,96.55,0,1,0,Australia
TJ Laughlin,1978-1979,6,5,1,105,74,65.62,0,1,0,Australia
PM Toohey,1978-1979,5,4,2,105,54*,78.94,0,1,0,Australia
XJ Doherty,2010-2014,54,21,14,100,15*,54.94,0,0,2,Australia
MG Hughes,1988-1993,33,17,8,100,20,74.62,0,0,3,Australia
RB Kerr,1985-1985,4,4,1,97,87*,61,0,1,0,Australia
JW Hastings,2010-2011,11,9,4,82,21*,105.12,0,0,1,Australia
RD Robinson,1977-1977,2,2,0,82,70,57.34,0,1,0,Australia
MHN Walker,1974-1981,17,11,3,79,20,46.47,0,0,1,Australia
AC Dale,1997-2000,30,12,8,78,15*,57.35,0,0,1,Australia
MF Kent,1981-1981,5,5,1,78,33,58.64,0,0,0,Australia
L Ronchi,2008-2008,4,2,0,76,64,205.4,0,1,0,Australia
AP Sheahan,1972-1972,3,3,0,75,50,60.48,0,1,0,Australia
MS Kasprowicz,1995-2005,43,13,9,74,28*,83.14,0,0,2,Australia
CS Serjeant,1977-1978,3,3,0,73,46,46.2,0,0,0,Australia
TG Hogan,1983-1984,16,12,4,72,27,75.78,0,0,1,Australia
SR Clark,2005-2009,39,12,7,69,16*,78.4,0,0,1,Australia
RJ Bright,1974-1986,11,8,4,66,19*,54.09,0,0,1,Australia
B Yardley,1978-1983,7,4,0,58,28,59.18,0,0,1,Australia
RJ Campbell,2002-2002,2,2,0,54,38,77.14,0,0,0,Australia
AJ Woodcock,1974-1974,1,1,0,53,53,79.1,0,1,0,Australia
DE Bollinger,2009-2011,39,8,2,50,30,92.59,0,0,1,Australia
NM Coulter-Nile,2013-2014,7,5,2,49,16,76.56,0,0,0,Australia
BA Reid,1986-1992,61,21,8,49,10,41.88,0,0,1,Australia
RJ Harris,2009-2012,21,13,7,48,21,100,0,0,0,Australia
IR Redpath,1971-1975,5,5,0,46,24,68.65,0,0,1,Australia
GR Robertson,1994-1998,13,7,4,45,15,81.81,0,0,0,Australia
GJ Gilmour,1974-1975,5,2,1,42,28*,107.69,0,0,0,Australia
JN Maguire,1983-1984,23,11,5,42,14*,59.15,0,0,1,Australia
JL Pattinson,2011-2014,13,7,3,40,13,55.55,0,0,0,Australia
SJ Rixon,1978-1985,6,6,3,40,20*,40.81,0,0,1,Australia
MR Whitney,1983-1993,38,13,7,40,9*,44.44,0,0,1,Australia
DR Gilbert,1986-1986,14,8,3,39,8,38.23,0,0,0,Australia
MR Marsh,2011-2013,4,4,1,39,22,70.9,0,0,0,Australia
TBA May,1987-1995,47,12,8,39,15,75,0,0,0,Australia
LS Pascoe,1977-1982,29,11,7,39,15*,38.23,0,0,2,Australia
MF Malone,1977-1982,10,7,3,36,15*,57.14,0,0,0,Australia
RB Simpson,1978-1978,2,2,0,36,23,67.92,0,0,0,Australia
G Dymock,1974-1980,15,7,4,35,14*,42.68,0,0,1,Australia
CG Rackemann,1983-1991,52,18,6,34,9*,44.15,0,0,6,Australia
RJ McCurdy,1985-1985,11,6,2,33,13*,46.47,0,0,1,Australia
TM Alderman,1981-1991,65,18,6,32,9*,32.98,0,0,6,Australia
MC Henriques,2009-2013,5,5,1,32,12,61.53,0,0,0,Australia
JD Siddons,1988-1988,1,1,0,32,32,86.48,0,0,0,Australia
RD Woolley,1983-1983,4,3,2,31,16,81.57,0,0,0,Australia
BE Young,1998-1999,6,3,1,31,18,65.95,0,0,0,Australia
BW Hilfenhaus,2007-2012,25,11,8,29,16,42.02,0,0,0,Australia
KJ Wright,1979-1979,5,2,0,29,23,55.76,0,0,0,Australia
BCJ Cutting,2013-2013,3,1,0,27,27,60,0,0,0,Australia
WM Lawry,1971-1971,1,1,0,27,27,55.1,0,0,0,Australia
BA Williams,2002-2004,25,6,4,27,13*,58.69,0,0,2,Australia
SW Tait,2007-2011,35,7,5,25,11,86.2,0,0,1,Australia
SF Graf,1980-1981,11,6,0,24,8,48,0,0,1,Australia
PJ Cummins,2011-2012,5,3,2,21,11*,95.45,0,0,0,Australia
PM Siddle,2009-2010,17,4,2,21,9*,116.66,0,0,0,Australia
SP Davis,1986-1988,39,11,7,20,6,58.82,0,0,1,Australia
RAL Massie,1972-1972,3,1,1,16,16*,66.66,0,0,0,Australia
KJ O'Keeffe,1977-1977,2,2,1,16,16*,42.1,0,0,1,Australia
JR Hammond,1972-1972,1,1,1,15,15*,53.57,0,0,0,Australia
UT Khawaja,2013-2013,3,3,1,14,8*,35,0,0,0,Australia
AA Mallett,1971-1975,9,3,1,14,8,38.88,0,0,1,Australia
GA Bishop,1987-1987,2,2,0,13,7,29.54,0,0,0,Australia
JJ Krejza,2011-2011,8,2,1,13,7,56.52,0,0,0,Australia
IC Davis,1974-1977,3,3,1,12,11*,34.28,0,0,1,Australia
TJ Jenner,1975-1975,1,1,0,12,12,48,0,0,0,Australia
PH Carlson,1979-1979,4,2,0,11,11,36.66,0,0,1,Australia
PA Emery,1994-1994,1,1,1,11,11*,84.61,0,0,0,Australia
JA Maclean,1979-1979,2,1,0,11,11,33.33,0,0,0,Australia
GD Watson,1972-1972,2,2,1,11,11*,68.75,0,0,1,Australia
B Geeves,2008-2009,2,2,2,10,10*,90.9,0,0,0,Australia
AK Zesers,1987-1987,2,2,2,10,8*,71.42,0,0,0,Australia
MJ Bennett,1984-1985,8,4,1,9,6*,42.85,0,0,2,Australia
AG Hurst,1975-1979,8,4,4,7,3*,36.84,0,0,0,Australia
GA Manou,2009-2009,4,1,0,7,7,116.66,0,0,0,Australia
JK Moss,1979-1979,1,1,0,7,7,43.75,0,0,0,Australia
IW Callen,1978-1982,5,3,2,6,3*,46.15,0,0,1,Australia
GD Campbell,1989-1990,12,3,1,6,4*,31.57,0,0,1,Australia
MJ North,2009-2009,2,2,0,6,5,31.57,0,0,0,Australia
Fawad Ahmed,2013-2013,3,1,1,4,4*,200,0,0,0,Australia
ML Lewis,2005-2006,7,1,1,4,4*,100,0,0,0,Australia
NM Lyon,2012-2012,2,2,1,4,4*,66.66,0,0,1,Australia
GS Trimble,1986-1986,2,2,1,4,4,80,0,0,0,Australia
P Wilson,1997-1998,11,5,2,4,2,30.76,0,0,2,Australia
GD Porter,1979-1979,2,1,0,3,3,33.33,0,0,0,Australia
DJ Cullen,2006-2006,5,1,1,2,2*,66.66,0,0,0,Australia
BR Dorey,2006-2006,4,1,0,2,2,25,0,0,0,Australia
WJ Edwards,1975-1975,1,1,0,2,2,14.28,0,0,0,Australia
DF Whatmore,1980-1980,1,1,0,2,2,33.33,0,0,0,Australia
MTG Elliott,1997-1997,1,1,0,1,1,16.66,0,0,0,Australia
B Laughlin,2009-2009,5,1,1,1,1*,11.11,0,0,0,Australia
SCG MacGill,2000-2000,3,2,1,1,1,33.33,0,0,0,Australia
DP Nannes,2009-2009,1,1,0,1,1,50,0,0,0,Australia
AM Stuart,1997-1997,3,1,0,1,1,14.28,0,0,0,Australia
J Angel,1994-1995,3,1,0,0,0,0,0,0,1,Australia
SM Harwood,2009-2009,1,1,0,0,0,0,0,0,1,Australia
KW Richardson,2013-2013,1,1,0,0,0,0,0,0,1,Australia
GR Beard,1981-1981,2,0,0,0,0,0,0,0,0,Australia
WM Clark,1978-1978,2,0,0,0,0,0,0,0,0,Australia
DJ Colley,1972-1972,1,0,0,0,0,0,0,0,0,Australia
AN Connolly,1971-1971,1,0,0,0,0,0,0,0,0,Australia
JR Hazlewood,2010-2013,2,0,0,0,0,0,0,0,0,Australia
BC Lara,1990-2007,295,285,32,10348,169,79.62,19,62,14,West Indies
S Chanderpaul,1994-2011,268,251,40,8778,150,70.74,11,59,6,West Indies
CH Gayle,1999-2013,252,247,17,8688,153*,84.17,21,44,21,West Indies
DL Haynes,1978-1994,238,237,28,8648,152*,63.09,17,57,13,West Indies
IVA Richards,1975-1991,187,167,24,6721,189*,90.2,11,45,7,West Indies
RB Richardson,1983-1996,224,217,30,6248,122,63.74,5,44,8,West Indies
RR Sarwan,2000-2013,181,169,33,5804,120*,75.74,5,38,8,West Indies
CL Hooper,1987-2003,227,206,43,5761,113*,76.63,7,29,7,West Indies
CG Greenidge,1975-1991,128,127,13,5134,133*,64.92,11,31,3,West Indies
MN Samuels,2000-2014,159,149,23,3951,126,72.89,5,23,8,West Indies
PV Simmons,1987-1999,143,138,11,3675,122,67.96,5,18,14,West Indies
DJ Bravo,2004-2014,158,135,23,2927,112*,82.49,2,10,10,West Indies
WW Hinds,1999-2010,119,111,10,2880,127*,65.55,5,14,8,West Indies
AL Logie,1981-1993,158,133,36,2809,109*,73.9,1,14,13,West Indies
SL Campbell,1994-2001,90,87,0,2283,105,59.25,2,14,9,West Indies
JC Adams,1992-2001,127,105,28,2204,82,60.98,0,14,7,West Indies
RL Powell,1999-2005,109,100,16,2085,124,96.66,1,8,8,West Indies
CH Lloyd,1973-1985,87,69,19,1977,102,81.22,1,11,1,West Indies
PJL Dujon,1981-1991,169,120,36,1945,82*,67.51,0,6,8,West Indies
KLT Arthurton,1988-1999,105,93,20,1904,84,67.46,0,9,12,West Indies
DM Bravo,2009-2014,73,70,9,1893,100*,69.9,1,15,6,West Indies
KA Pollard,2007-2013,85,79,4,1869,119,93.54,3,6,11,West Indies
RD Jacobs,1996-2004,147,112,32,1865,80*,70.06,0,9,11,West Indies
LMP Simmons,2006-2014,58,57,3,1739,122,71.44,1,15,7,West Indies
SC Williams,1994-1999,57,55,6,1586,105*,66.02,1,12,6,West Indies
DJG Sammy,2004-2014,111,92,28,1550,84,101.43,0,7,4,West Indies
RS Morton,2002-2010,56,51,6,1519,110*,66.36,2,10,7,West Indies
HA Gomes,1978-1987,83,64,15,1415,101,54.88,1,6,5,West Indies
D Ramdin,2005-2014,109,81,20,1321,128,77.56,1,3,2,West Indies
DR Smith,2004-2014,91,75,5,1195,68,93.87,0,6,11,West Indies
DS Smith,2003-2013,47,45,2,1059,107,70.31,1,5,4,West Indies
MD Marshall,1980-1992,136,83,19,955,66,76.64,0,2,5,West Indies
J Charles,2012-2014,30,30,0,869,130,80.46,2,2,5,West Indies
RA Harper,1983-1996,105,73,20,855,45*,73.58,0,0,5,West Indies
D Ganga,1999-2006,35,34,1,843,71,59.61,0,9,5,West Indies
AI Kallicharran,1973-1981,31,28,4,826,78,62.15,0,6,0,West Indies
KOA Powell,2009-2014,28,28,0,772,83,81,0,7,2,West Indies
PA Wallace,1991-2000,33,33,0,701,103,60.9,1,2,4,West Indies
JR Murray,1992-1999,55,36,6,678,86,72.98,0,5,4,West Indies
AD Russell,2011-2014,35,28,6,666,92*,119.78,0,3,3,West Indies
CEL Ambrose,1988-2000,176,96,36,639,31*,64.87,0,0,13,West Indies
N Deonarine,2005-2014,29,27,3,629,65*,68.96,0,4,0,West Indies
SFAF Bacchus,1978-1983,29,26,3,612,80*,65.94,0,3,2,West Indies
RIC Holder,1993-1997,37,31,6,599,65,68.37,0,2,4,West Indies
CS Baugh,2003-2012,47,35,11,482,49,67.03,0,0,2,West Indies
CA Best,1986-1992,24,23,4,473,100,68.55,1,2,2,West Indies
AC Cummins,1991-1995,63,41,11,459,44*,83.3,0,0,3,West Indies
CO Browne,1995-2005,46,32,8,415,46*,70.33,0,0,3,West Indies
IR Bishop,1988-1997,84,44,19,405,33*,52.19,0,0,3,West Indies
AB Barath,2010-2012,14,14,1,394,113,64.37,1,1,2,West Indies
XM Marshall,2005-2009,24,24,3,375,157*,68.8,1,0,5,West Indies
S Chattergoon,2006-2009,18,17,2,370,54*,60.16,0,2,2,West Indies
CB Lambert,1990-1998,11,11,0,368,119,80.7,1,2,1,West Indies
R Rampaul,2003-2014,85,37,9,343,86*,75.55,0,1,3,West Indies
KA Edwards,2011-2014,14,14,2,321,123*,70.39,1,0,2,West Indies
CA Walsh,1985-2000,205,79,33,321,30,71.17,0,0,11,West Indies
NAM McLean,1996-2003,45,34,8,314,50*,81.98,0,1,7,West Indies
RC Fredericks,1973-1977,12,12,0,311,105,70.68,1,1,0,West Indies
WKM Benjamin,1986-1995,85,52,12,298,31,73.39,0,0,10,West Indies
DL Murray,1973-1980,26,17,5,294,61*,62.82,0,2,0,West Indies
RN Lewis,1997-2009,28,21,5,291,49,79.29,0,0,1,West Indies
IDR Bradshaw,2004-2007,62,34,11,287,37,59.79,0,0,6,West Indies
MA Holding,1976-1987,102,42,11,282,64,74.8,0,2,9,West Indies
CL King,1976-1980,18,14,2,280,86,104.86,0,1,2,West Indies
SP Narine,2011-2014,49,32,6,272,36,78.61,0,0,6,West Indies
NO Miller,2008-2014,45,26,12,264,51,83.01,0,1,4,West Indies
ADS Fletcher,2008-2010,15,15,0,256,54,70.13,0,2,2,West Indies
J Garner,1977-1987,98,41,15,239,37,66.38,0,0,5,West Indies
DC Thomas,2009-2013,21,19,2,238,37,65.38,0,0,3,West Indies
AME Roberts,1975-1983,56,32,9,231,37*,64.7,0,0,3,West Indies
TM Dowlin,2009-2010,11,11,2,228,100*,65.51,1,1,2,West Indies
M Dillon,1997-2005,108,51,20,227,21*,55.23,0,0,9,West Indies
FA Rose,1997-2000,27,23,5,217,30,81.88,0,0,2,West Indies
KAJ Roach,2008-2013,61,41,25,216,34,52.17,0,0,6,West Indies
NO Perry,1999-2000,21,16,8,212,52*,62.35,0,1,2,West Indies
JE Taylor,2003-2010,66,30,7,204,43*,89.86,0,0,4,West Indies
EAE Baptiste,1983-1990,43,16,4,184,31,76.34,0,0,0,West Indies
DM Richards,2009-2010,8,7,0,179,59,71.31,0,2,0,West Indies
RS Gabriel,1984-1984,11,11,0,167,41,46.38,0,0,2,West Indies
RB Kanhai,1973-1975,7,5,2,164,55,60.07,0,2,0,West Indies
MV Nagamootoo,2000-2002,24,18,6,162,33,60,0,0,1,West Indies
SC Joseph,2000-2005,13,11,1,161,58,53.31,0,1,2,West Indies
D Williams,1988-1997,36,23,7,147,32*,60.74,0,0,4,West Indies
SE Findlay,2008-2009,9,8,1,146,59*,75.25,0,1,0,West Indies
DE Bernard,2003-2010,20,12,2,141,38,64.38,0,0,1,West Indies
OD Gibson,1995-1997,15,11,1,141,52,102.17,0,1,1,West Indies
LG Rowe,1975-1980,11,8,0,136,60,55.73,0,1,0,West Indies
PA Browne,2008-2008,5,5,1,134,49*,74.86,0,0,0,West Indies
TRO Payne,1984-1987,7,4,0,126,60,52.5,0,1,0,West Indies
LR Williams,1996-2001,15,13,2,124,41,66.66,0,0,2,West Indies
BA Parchment,2007-2008,7,7,0,122,48,56.22,0,0,0,West Indies
DBL Powell,2002-2009,55,25,3,118,48*,71.95,0,0,8,West Indies
FL Reifer,1997-2009,8,8,0,117,40,51.09,0,0,0,West Indies
DP Hyatt,2011-2011,9,9,1,112,39,59.57,0,0,1,West Indies
SJ Benn,2008-2011,25,16,2,109,31,72.18,0,0,3,West Indies
CD Collymore,1999-2007,84,35,17,104,13*,39.84,0,0,8,West Indies
BP Nash,2008-2009,9,7,3,104,39*,73.75,0,0,0,West Indies
RO Hinds,2001-2004,14,9,3,101,18*,59.41,0,0,0,West Indies
LV Garrick,2001-2001,3,3,0,99,76,48.52,0,1,0,West Indies
AFG Griffith,1996-2000,9,8,1,99,47,55.93,0,0,0,West Indies
VC Drakes,1995-2004,34,17,5,94,25,54.02,0,0,2,West Indies
BD Julien,1973-1977,12,8,2,86,26*,58.1,0,0,1,West Indies
EH Mattis,1981-1981,2,2,0,86,62,45.26,0,1,0,West Indies
OAC Banks,2003-2005,5,5,0,83,33,55.7,0,0,0,West Indies
LR Johnson,2008-2008,3,3,0,79,51,69.29,0,1,0,West Indies
TL Best,2004-2014,26,16,8,76,24,60.8,0,0,1,West Indies
FH Edwards,2003-2009,50,22,14,73,13,45.62,0,0,2,West Indies
JO Holder,2013-2014,17,8,2,68,19*,66.66,0,0,2,West Indies
KCG Benjamin,1992-1996,26,13,7,65,17,81.25,0,0,1,West Indies
RD King,1998-2005,50,23,14,65,12*,32.01,0,0,5,West Indies
VA Holder,1973-1978,12,6,1,64,30,75.29,0,0,1,West Indies
KF Semple,1999-1999,7,6,0,64,23,38.78,0,0,0,West Indies
CE Cuffy,1994-2002,41,22,8,62,17*,49.6,0,0,5,West Indies
DR Parry,1978-1980,6,5,1,61,32,79.22,0,0,0,West Indies
ST Clarke,1978-1982,10,8,2,60,20,103.44,0,0,1,West Indies
NC McGarrell,1998-2001,17,10,2,60,19,61.22,0,0,2,West Indies
KD Boyce,1973-1975,8,4,0,57,34,74.02,0,0,0,West Indies
RG Samuels,1996-1997,8,5,2,54,36*,85.71,0,0,0,West Indies
AH Gray,1985-1991,25,11,5,51,10*,66.23,0,0,1,West Indies
WW Daniel,1978-1984,18,5,4,49,16*,87.5,0,0,0,West Indies
DA Murray,1973-1981,10,7,2,45,35,32.14,0,0,1,West Indies
BP Patterson,1986-1993,59,20,15,44,13*,43.56,0,0,1,West Indies
HR Bryan,1999-1999,15,8,2,43,11,60.56,0,0,1,West Indies
PT Collins,1999-2005,30,12,5,30,10*,60,0,0,2,West Indies
IT Shillingford,1978-1978,2,2,0,30,24,78.94,0,0,0,West Indies
WW Davis,1983-1988,35,5,3,28,10,52.83,0,0,0,West Indies
RC Haynes,1989-1991,8,6,1,26,18,39.39,0,0,2,West Indies
DK Butler,2005-2006,5,4,3,25,13*,73.52,0,0,0,West Indies
MLC Foster,1973-1973,2,1,0,25,25,40.32,0,0,0,West Indies
HAG Anthony,1995-1995,3,3,0,23,21,104.54,0,0,1,West Indies
AE Greenidge,1978-1978,1,1,0,23,23,69.69,0,0,0,West Indies
S Shivnarine,1978-1978,1,1,1,20,20*,46.51,0,0,0,West Indies
RGA Headley,1973-1973,1,1,0,19,19,46.34,0,0,0,West Indies
CEH Croft,1977-1981,19,6,4,18,8,47.36,0,0,0,West Indies
JJC Lawson,2001-2005,13,5,2,18,8,112.5,0,0,0,West Indies
KCB Jeremy,2000-2001,6,4,2,17,8*,40.47,0,0,1,West Indies
CAK Walton,2009-2014,5,4,0,17,17,56.66,0,0,3,West Indies
LS Baker,2008-2009,10,4,2,13,11*,56.52,0,0,1,West Indies
RR Emrit,2007-2007,2,2,1,13,13,37.14,0,0,0,West Indies
RO Hurley,2003-2004,9,4,0,13,6,40.62,0,0,1,West Indies
CR Brathwaite,2011-2011,1,1,0,11,11,55,0,0,0,West Indies
V Permaul,2012-2013,6,3,1,11,10,52.38,0,0,0,West Indies
D Bishoo,2011-2011,13,7,2,10,6*,38.46,0,0,4,West Indies
D Brown,2001-2002,3,2,1,10,9,50,0,0,0,West Indies
A Martin,2011-2011,9,6,5,10,4*,34.48,0,0,0,West Indies
GC Tonge,2009-2009,5,4,2,10,5,62.5,0,0,0,West Indies
RA Austin,1978-1978,1,1,0,8,8,61.53,0,0,0,West Indies
BS Browne,1994-1994,4,3,2,8,8*,33.33,0,0,1,West Indies
R Dhanraj,1994-1995,6,2,1,8,8,25,0,0,0,West Indies
EA Moseley,1990-1991,9,6,2,7,2*,46.66,0,0,2,West Indies
RT Crandon,2009-2009,1,1,0,5,5,55.55,0,0,0,West Indies
D Ramnarine,1997-2001,4,3,0,5,2,38.46,0,0,0,West Indies
MI Black,2001-2001,5,2,0,4,4,28.57,0,0,1,West Indies
CEL Stuart,2001-2001,5,1,1,3,3*,23.07,0,0,0,West Indies
JN Mohammed,2011-2011,1,1,0,2,2,9.52,0,0,0,West Indies
MR Pydanna,1980-1983,3,1,1,2,2*,66.66,0,0,0,West Indies
ACL Richards,2007-2007,1,1,0,2,2,100,0,0,0,West Indies
PIC Thompson,1997-1997,2,1,0,2,2,28.57,0,0,0,West Indies
RR Ramdass,2005-2005,1,1,0,1,1,11.11,0,0,0,West Indies
LR Gibbs,1973-1975,3,1,1,0,0*,0,0,0,0,West Indies
D Mohammed,2006-2008,7,1,1,0,0*,0,0,0,0,West Indies
NT Pascal,2009-2009,1,1,0,0,0,0,0,0,1,West Indies
N Phillip,1978-1978,1,1,0,0,0,0,0,0,1,West Indies
GS Sobers,1973-1973,1,1,0,0,0,0,0,0,1,West Indies
ML Cummins,2014-2014,1,0,0,0,0,0,0,0,0,West Indies
MA Small,1984-1984,2,0,0,0,0,0,0,0,0,West Indies
CM Tuckett,1998-1998,1,0,0,0,0,0,0,0,0,West Indies
