Player_Name,Span,Matches,Bowl_Inns,Balls,Maidens,Runs_Conceded,Wkts,BBI,SR,Four_Wk_Haul,Five_Wk_Haul,Country
Kapil Dev,1978-1994,225,221,11202,235,6945,253,5\43,44.2,3,1,India
J Srinath,1991-2003,229,227,11935,137,8847,315,5\23,37.8,7,3,India
Z Khan,2000-2012,194,191,9815,112,8102,269,5\42,36.4,7,1,India
A Kumble,1990-2007,269,263,14376,109,10300,334,6\12,43,8,2,India
AB Agarkar,1998-2007,191,188,9484,100,8021,288,6\42,32.9,10,2,India
Harbhajan Singh,1998-2011,227,218,11939,83,8550,255,5\31,46.8,2,3,India
BKV Prasad,1994-2001,161,160,8129,79,6332,196,5\27,41.4,3,1,India
M Prabhakar,1984-1996,130,127,6360,76,4534,157,5\33,40.5,4,2,India
RJ Shastri,1981-1992,150,136,6613,56,4650,129,5\15,51.2,2,1,India
A Nehra,2001-2011,117,117,5637,53,4899,155,6\23,36.3,5,2,India
IK Pathan,2004-2012,120,118,5855,53,5142,173,5\27,33.8,5,2,India
P Kumar,2007-2012,68,67,3242,45,2774,77,4\31,42.1,3,0,India
Madan Lal,1974-1987,67,64,3164,44,2137,73,4\20,43.3,2,0,India
RA Jadeja,2009-2014,101,98,4973,43,3910,120,5\36,41.4,4,1,India
MM Patel,2006-2011,70,67,3154,38,2603,86,4\29,36.6,3,0,India
RMH Binny,1980-1987,72,67,2957,37,2260,77,4\29,38.4,3,0,India
SB Joshi,1996-2001,69,67,3386,33,2509,69,5\6,49,1,1,India
Maninder Singh,1983-1993,59,57,3133,33,2066,66,4\22,47.4,1,0,India
B Kumar,2012-2014,35,35,1748,32,1381,37,4\8,47.2,1,0,India
RP Singh,2005-2011,58,57,2565,31,2343,69,4\35,37.1,2,0,India
SC Ganguly,1992-2007,308,170,4543,30,3835,100,5\16,45.4,1,2,India
RR Singh,1989-2001,136,117,3734,28,2985,69,5\22,54.1,0,2,India
I Sharma,2007-2014,72,71,3361,27,3207,102,4\38,32.9,4,0,India
SR Tendulkar,1989-2012,463,270,8054,24,6850,154,5\32,52.2,4,2,India
R Ashwin,2010-2014,79,78,4264,21,3489,106,3\24,40.2,0,0,India
N Chopra,1998-2000,39,37,1835,21,1286,46,5\21,39.8,1,1,India
DS Mohanty,1997-2001,45,44,1996,21,1662,57,4\56,35,1,0,India
Arshad Ayub,1987-1990,32,32,1769,19,1216,31,5\21,57,0,1,India
M Kartik,2002-2007,37,36,1907,19,1612,37,6\27,51.5,0,1,India
C Sharma,1983-1994,65,63,2835,19,2336,67,3\22,42.3,0,0,India
Vinay Kumar,2010-2013,31,31,1436,19,1423,38,4\30,37.7,1,0,India
A Kuruvilla,1997-1997,25,25,1131,18,890,25,4\43,45.2,1,0,India
Yuvraj Singh,2000-2013,290,155,4928,18,4171,110,5\31,44.8,2,1,India
M Amarnath,1975-1989,85,64,2730,17,1971,46,3\12,59.3,0,0,India
BS Bedi,1974-1979,10,10,590,17,340,7,2\44,84.2,0,0,India
Mohammed Shami,2013-2014,29,29,1491,17,1448,50,4\50,29.8,2,0,India
SLV Raju,1990-1996,53,52,2770,16,2014,63,4\46,43.9,2,0,India
S Sreesanth,2005-2011,53,52,2476,16,2508,75,6\55,33,2,1,India
BS Sandhu,1982-1984,22,21,1110,15,763,16,3\27,69.3,0,0,India
A Mishra,2003-2014,23,22,1228,14,911,40,6\48,30.7,2,1,India
V Sehwag,1999-2013,241,142,4290,13,3737,94,4\6,45.6,1,0,India
RK Chauhan,1993-1997,35,34,1634,12,1216,29,3\29,56.3,0,0,India
KD Ghavri,1975-1981,19,19,1033,12,708,15,3\40,68.8,0,0,India
L Balaji,2002-2009,30,30,1447,11,1344,34,4\48,42.5,1,0,India
Abid Ali,1974-1975,5,5,336,10,187,7,2\22,48,0,0,India
SM Patil,1980-1986,45,20,864,9,589,15,2\28,57.6,0,0,India
UT Yadav,2010-2013,28,28,1292,9,1308,30,3\32,43,0,0,India
DR Doshi,1980-1982,15,15,792,8,524,22,4\30,36,2,0,India
S Venkataraghavan,1974-1983,15,14,868,7,542,5,2\34,173.6,0,0,India
PP Chawla,2007-2011,25,25,1312,6,1117,32,4\23,41,2,0,India
Harvinder Singh,1997-2001,16,16,686,6,609,24,3\44,28.5,0,0,India
ND Hirwani,1988-1992,18,18,960,6,719,23,4\43,41.7,3,0,India
RR Powar,2004-2007,31,29,1536,6,1191,34,3\24,45.1,0,0,India
SK Sharma,1988-1990,23,22,979,6,813,22,5\26,44.5,0,1,India
AR Kapoor,1995-2000,17,17,900,5,612,8,2\33,112.5,0,0,India
PP Ojha,2008-2012,18,17,876,5,652,21,4\38,41.7,1,0,India
AK Sharma,1988-1993,31,29,1140,5,875,15,3\41,76,0,0,India
L Sivaramakrishnan,1985-1987,16,16,756,5,538,15,3\35,50.4,0,0,India
JD Unadkat,2013-2013,7,7,312,5,209,8,4\41,39,1,0,India
SA Ankola,1989-1997,20,20,807,4,615,13,3\33,62,0,0,India
KBJ Azad,1980-1986,25,11,390,4,273,7,2\48,55.7,0,0,India
ST Banerjee,1991-1992,6,6,240,4,202,5,3\30,48,0,0,India
HH Kanitkar,1997-2000,34,28,1006,4,803,17,2\22,59.1,0,0,India
RR Kulkarni,1983-1987,10,10,444,4,345,10,3\42,44.4,0,0,India
T Kumaran,1999-2000,8,8,378,4,348,9,3\24,42,0,0,India
SV Nayak,1981-1982,4,4,222,4,161,1,1\51,222,0,0,India
AK Patel,1984-1985,8,6,360,4,263,7,3\43,51.4,0,0,India
ED Solkar,1974-1976,7,6,252,4,169,4,2\31,63,0,0,India
S Tyagi,2009-2010,4,4,165,4,144,3,1\15,55,0,0,India
P Yadav,2002-2005,12,10,396,4,326,6,2\32,66,0,0,India
Yograj Singh,1980-1981,6,5,244,4,186,4,2\44,61,0,0,India
Joginder Sharma,2004-2007,4,4,150,3,115,1,1\28,150,0,0,India
NM Kulkarni,1997-1998,10,8,402,3,357,11,3\27,36.5,0,0,India
YK Pathan,2008-2012,57,50,1490,3,1365,33,3\49,45.1,0,0,India
SK Raina,2005-2014,189,76,1526,3,1291,25,3\34,61,0,0,India
AM Salvi,2003-2003,4,4,172,3,120,4,2\15,43,0,0,India
MM Sharma,2013-2013,5,5,237,3,228,4,2\26,59.2,0,0,India
RS Sodhi,2000-2002,18,14,462,3,365,5,2\31,92.4,0,0,India
K Srikkanth,1981-1992,146,33,712,3,641,25,5\27,28.4,0,2,India
Vijay Bharadwaj,1999-2002,10,9,372,3,307,16,3\34,23.2,0,0,India
NS Yadav,1986-1987,7,7,330,3,228,8,2\18,41.2,0,0,India
SB Bangar,2002-2004,15,14,442,2,384,7,2\39,63.1,0,0,India
GK Bose,1974-1974,1,1,66,2,39,1,1\39,66,0,0,India
AB Dinda,2010-2013,13,13,594,2,612,12,2\44,49.5,0,0,India
A Jadeja,1992-2000,196,52,1248,2,1094,20,3\3,62.4,0,0,India
SP Mukherjee,1990-1991,3,3,174,2,98,2,1\30,87,0,0,India
WV Raman,1988-1996,27,7,162,2,170,2,1\23,81,0,0,India
RG Sharma,2007-2014,123,36,569,2,483,8,2\27,71.1,0,0,India
VR Aaron,2011-2014,8,8,355,1,393,11,3\24,32.2,0,0,India
M Azharuddin,1985-2000,334,24,552,1,479,12,3\19,46,0,0,India
 Bhupinder Singh snr,1994-1994,2,2,102,1,78,3,3\34,34,0,0,India
NA David,1997-1997,4,4,192,1,133,4,3\21,48,0,0,India
R Dravid,1996-2011,340,8,186,1,170,4,2\43,46.5,0,0,India
RS Ghai,1984-1986,6,6,275,1,260,3,1\38,91.6,0,0,India
MS Gony,2008-2008,2,2,78,1,76,2,2\65,39,0,0,India
V Kohli,2008-2014,134,37,538,1,542,4,1\15,134.5,0,0,India
AO Malhotra,1982-1986,20,1,6,1,0,0,0,0,0,0,India
PL Mhambrey,1996-1998,3,3,126,1,120,3,2\69,42,0,0,India
A Mithun,2010-2011,5,5,180,1,203,3,2\32,60,0,0,India
D Mongia,2001-2007,57,21,640,1,571,14,3\31,45.7,0,0,India
GK Pandey,1999-1999,2,2,78,1,60,0,0,0,0,0,India
RGM Patel,1988-1988,1,1,60,1,58,0,0,0,0,0,India
SS Raul,1998-1998,2,2,36,1,27,1,1\13,36,0,0,India
RL Sanghvi,1998-1998,10,10,498,1,399,10,3\29,49.8,0,0,India
Sarandeep Singh,2002-2003,5,5,258,1,180,3,2\34,86,0,0,India
G Sharma,1985-1987,11,10,486,1,361,10,3\29,48.6,0,0,India
RP Singh,1986-1986,2,2,82,1,77,1,1\58,82,0,0,India
S Sriram,2000-2004,8,8,324,1,274,9,3\43,36,0,0,India
MK Tiwary,2008-2012,8,5,126,1,144,5,4\61,25.2,1,0,India
PS Vaidya,1995-1996,4,4,184,1,174,4,2\41,46,0,0,India
T Yohannan,2002-2002,3,3,120,1,122,5,3\33,24,0,0,India
PK Amre,1991-1994,37,1,2,0,4,0,0,0,0,0,India
B Arun,1986-1987,4,4,102,0,103,1,1\43,102,0,0,India
HK Badani,2000-2004,40,9,183,0,149,3,1\7,61,0,0,India
SV Bahutule,1997-2003,8,7,294,0,283,2,1\31,147,0,0,India
A Bhandari,2000-2004,2,2,106,0,106,5,3\31,21.2,0,0,India
STR Binny,2014-2014,2,2,30,0,30,0,0,0,0,0,India
BS Chandrasekhar,1976-1976,1,1,56,0,36,3,3\36,18.6,0,0,India
U Chatterjee,1995-1995,3,3,161,0,117,3,2\35,53.6,0,0,India
MS Dhoni,2004-2014,240,2,36,0,31,1,1\14,36,0,0,India
AD Gaekwad,1975-1987,15,1,48,0,39,1,1\39,48,0,0,India
G Gambhir,2003-2013,147,1,6,0,13,0,0,0,0,0,India
D Ganesh,1997-1997,1,1,30,0,20,1,1\20,30,0,0,India
RS Gavaskar,2004-2004,11,2,72,0,74,1,1\56,72,0,0,India
SM Gavaskar,1974-1987,108,4,20,0,25,1,1\10,20,0,0,India
VG Kambli,1991-2000,104,1,4,0,7,1,1\7,4,0,0,India
R Lamba,1986-1989,32,3,19,0,20,1,1\9,19,0,0,India
VVS Laxman,1998-2006,86,4,42,0,40,0,0,0,0,0,India
SV Manjrekar,1988-1996,74,3,8,0,10,1,1\2,8,0,0,India
AV Mankad,1974-1974,1,1,35,0,47,1,1\47,35,0,0,India
AM Nayar,2009-2009,3,1,18,0,17,0,0,0,0,0,India
Pankaj Singh,2010-2010,1,1,42,0,45,0,0,0,0,0,India
LS Rajput,1985-1987,4,2,42,0,42,0,0,0,0,0,India
S Ramesh,1999-1999,24,3,36,0,38,1,1\23,36,0,0,India
Randhir Singh,1981-1983,2,2,72,0,48,1,1\30,72,0,0,India
AT Rayudu,2013-2014,10,3,42,0,49,0,0,0,0,0,India
V Razdan,1989-1990,3,3,84,0,77,1,1\37,84,0,0,India
TAP Sekhar,1983-1985,4,4,156,0,128,5,3\23,31.2,0,0,India
R Sharma,2011-2012,4,4,206,0,177,6,3\43,34.3,0,0,India
LR Shukla,1999-1999,3,3,114,0,94,1,1\25,114,0,0,India
NS Sidhu,1987-1998,136,2,4,0,3,0,0,0,0,0,India
VRV Singh,2006-2006,2,2,72,0,105,0,0,0,0,0,India
DB Vengsarkar,1976-1991,129,1,6,0,4,0,0,0,0,0,India
M Venkataramana,1988-1988,1,1,60,0,36,2,2\36,30,0,0,India
AS Wassan,1990-1991,9,9,426,0,283,11,3\28,38.7,0,0,India
Yashpal Sharma,1978-1985,42,8,201,0,199,1,1\27,201,0,0,India
S Amarnath,1978-1978,3,0,0,0,0,0,0,0,0,0,India
Arun Lal,1982-1989,13,0,0,0,0,0,0,0,0,0,India
S Badrinath,2008-2011,7,0,0,0,0,0,0,0,0,0,India
AC Bedade,1994-1994,13,0,0,0,0,0,0,0,0,0,India
VB Chandrasekhar,1988-1990,7,0,0,0,0,0,0,0,0,0,India
CPS Chauhan,1978-1981,7,0,0,0,0,0,0,0,0,0,India
V Dahiya,2000-2001,19,0,0,0,0,0,0,0,0,0,India
SS Das,2001-2002,4,0,0,0,0,0,0,0,0,0,India
D Dasgupta,2001-2001,5,0,0,0,0,0,0,0,0,0,India
P Dharmani,1996-1996,1,0,0,0,0,0,0,0,0,0,India
S Dhawan,2010-2014,39,0,0,0,0,0,0,0,0,0,India
SS Dighe,2000-2001,23,0,0,0,0,0,0,0,0,0,India
FM Engineer,1974-1975,5,0,0,0,0,0,0,0,0,0,India
DJ Gandhi,1999-2000,3,0,0,0,0,0,0,0,0,0,India
Gursharan Singh,1990-1990,1,0,0,0,0,0,0,0,0,0,India
W Jaffer,2006-2006,2,0,0,0,0,0,0,0,0,0,India
M Kaif,2002-2006,125,0,0,0,0,0,0,0,0,0,India
AV Kale,2003-2003,1,0,0,0,0,0,0,0,0,0,India
SS Karim,1997-2000,34,0,0,0,0,0,0,0,0,0,India
KD Karthik,2004-2014,71,0,0,0,0,0,0,0,0,0,India
SC Khanna,1979-1984,10,0,0,0,0,0,0,0,0,0,India
GK Khoda,1998-1998,2,0,0,0,0,0,0,0,0,0,India
AR Khurasiya,1999-2001,12,0,0,0,0,0,0,0,0,0,India
SMH Kirmani,1976-1986,49,0,0,0,0,0,0,0,0,0,India
P Krishnamurthy,1976-1976,1,0,0,0,0,0,0,0,0,0,India
JJ Martin,1999-2001,10,0,0,0,0,0,0,0,0,0,India
NR Mongia,1994-2000,140,0,0,0,0,0,0,0,0,0,India
KS More,1984-1993,94,0,0,0,0,0,0,0,0,0,India
SS Naik,1974-1974,2,0,0,0,0,0,0,0,0,0,India
NV Ojha,2010-2010,1,0,0,0,0,0,0,0,0,0,India
CS Pandit,1986-1992,36,0,0,0,0,0,0,0,0,0,India
JV Paranjpe,1998-1998,4,0,0,0,0,0,0,0,0,0,India
GAHM Parkar,1982-1984,10,0,0,0,0,0,0,0,0,0,India
BP Patel,1974-1979,10,0,0,0,0,0,0,0,0,0,India
PA Patel,2003-2012,38,0,0,0,0,0,0,0,0,0,India
MSK Prasad,1998-1999,17,0,0,0,0,0,0,0,0,0,India
CA Pujara,2013-2013,2,0,0,0,0,0,0,0,0,0,India
AM Rahane,2011-2014,27,0,0,0,0,0,0,0,0,0,India
V Rathour,1996-1997,7,0,0,0,0,0,0,0,0,0,India
A Ratra,2002-2002,12,0,0,0,0,0,0,0,0,0,India
B Reddy,1978-1981,3,0,0,0,0,0,0,0,0,0,India
WP Saha,2010-2010,3,0,0,0,0,0,0,0,0,0,India
PH Sharma,1976-1976,2,0,0,0,0,0,0,0,0,0,India
S Somasunder,1996-1996,2,0,0,0,0,0,0,0,0,0,India
TE Srinivasan,1980-1981,2,0,0,0,0,0,0,0,0,0,India
Sudhakar Rao,1976-1976,1,0,0,0,0,0,0,0,0,0,India
SS Tiwary,2010-2010,3,0,0,0,0,0,0,0,0,0,India
RV Uthappa,2006-2008,38,0,0,0,0,0,0,0,0,0,India
Venugopal Rao,2005-2006,16,0,0,0,0,0,0,0,0,0,India
M Vijay,2010-2013,14,0,0,0,0,0,0,0,0,0,India
GR Viswanath,1974-1982,25,0,0,0,0,0,0,0,0,0,India
S Viswanath,1985-1988,22,0,0,0,0,0,0,0,0,0,India
AL Wadekar,1974-1974,2,0,0,0,0,0,0,0,0,0,India
V Yadav,1992-1994,19,0,0,0,0,0,0,0,0,0,India
Sir RJ Hadlee,1973-1990,108,107,5967,177,3322,152,5\25,39.2,1,5,New Zealand
EJ Chatfield,1979-1989,110,110,5956,151,3583,136,5\34,43.7,3,1,New Zealand
KD Mills,2001-2014,155,155,7641,118,6007,226,5\25,33.8,8,1,New Zealand
JDP Oram,2001-2012,153,148,6735,92,4898,172,5\26,39.1,3,2,New Zealand
DL Vettori,1997-2013,251,244,12451,90,8539,272,5\7,45.7,6,2,New Zealand
GR Larsen,1990-1999,117,116,6212,89,3889,109,4\24,56.9,1,0,New Zealand
SE Bond,2002-2010,79,79,4265,88,3051,146,6\19,29.2,7,4,New Zealand
CZ Harris,1990-2004,236,223,10392,81,7374,198,5\42,52.4,2,1,New Zealand
CL Cairns,1991-2006,206,178,7901,76,6378,192,5\42,41.1,3,1,New Zealand
BL Cairns,1974-1985,76,74,3967,75,2680,87,5\28,45.5,2,1,New Zealand
DR Tuffey,2000-2010,89,89,4231,69,3447,109,4\24,38.8,2,0,New Zealand
MC Snedden,1980-1990,91,89,4465,67,3201,112,4\34,39.8,1,0,New Zealand
DK Morrison,1987-1996,96,95,4586,49,3470,126,5\34,36.3,1,2,New Zealand
W Watson,1986-1994,61,61,3251,49,2247,74,4\27,43.9,1,0,New Zealand
TG Southee,2008-2014,71,70,3638,39,3129,98,5\33,37.1,4,1,New Zealand
SB Styris,1999-2011,177,154,5964,39,4709,132,6\25,45.1,4,1,New Zealand
C Pringle,1990-1995,61,61,3197,36,2396,96,5\45,33.3,2,1,New Zealand
DJ Nash,1992-2002,74,72,3233,34,2479,62,4\38,52.1,1,0,New Zealand
JEC Franklin,2001-2013,104,94,3776,32,3295,80,5\42,47.2,0,1,New Zealand
DN Patel,1987-1997,75,69,3251,30,2261,45,3\22,72.2,0,0,New Zealand
NJ Astle,1995-2007,211,154,4694,28,3695,96,4\43,48.8,1,0,New Zealand
MR Gillespie,2006-2009,29,29,1449,28,1315,36,4\58,40.2,1,0,New Zealand
JV Coney,1979-1987,84,69,2907,24,2020,54,4\46,53.8,1,0,New Zealand
SB Doull,1992-2000,41,41,1685,24,1393,36,4\25,46.8,1,0,New Zealand
GB Troup,1976-1985,22,22,1180,22,791,32,4\19,36.8,3,0,New Zealand
MD Crowe,1982-1995,139,46,1296,21,954,29,2\9,44.6,0,0,New Zealand
JG Bracewell,1983-1990,51,49,2387,19,1841,31,2\3,77,0,0,New Zealand
RO Collinge,1973-1978,12,12,712,18,401,14,5\23,50.8,0,1,New Zealand
SA Thomson,1990-1996,55,50,2061,16,1583,42,3\14,49,0,0,New Zealand
AR Adams,2001-2007,41,40,1885,15,1643,53,5\22,35.5,2,1,New Zealand
MJ Mason,2003-2010,24,24,1167,15,1000,30,4\24,38.9,1,0,New Zealand
GI Allott,1997-2000,27,27,1368,14,1095,49,4\35,27.9,4,0,New Zealand
CS Martin,2001-2008,19,19,948,14,804,18,3\62,52.6,0,0,New Zealand
SR Gillespie,1986-1988,19,19,963,12,736,23,4\30,41.8,1,0,New Zealand
BJ McKechnie,1975-1981,13,13,758,11,442,17,3\23,44.5,0,0,New Zealand
SB O'Connor,1997-2000,37,37,1439,10,1355,45,5\39,31.9,1,2,New Zealand
DAJ Bracewell,2011-2013,7,7,384,9,336,8,3\55,48,0,0,New Zealand
JS Patel,2005-2009,38,38,1804,9,1513,42,3\11,42.9,0,0,New Zealand
HJ Howarth,1973-1975,6,6,370,8,212,8,3\29,46.2,0,0,New Zealand
GK Robertson,1981-1989,10,10,498,8,321,6,2\29,83,0,0,New Zealand
BE Congdon,1973-1978,8,7,317,7,224,4,2\17,79.2,0,0,New Zealand
GD Elliott,2008-2013,44,28,615,7,514,17,4\31,36.1,1,0,New Zealand
AJ McKay,2010-2012,19,19,926,7,800,27,4\53,34.2,2,0,New Zealand
CD McMillan,1997-2007,185,74,1879,7,1717,49,3\20,38.3,0,0,New Zealand
RG Petrie,1990-1991,12,12,660,7,449,12,2\25,55,0,0,New Zealand
JTC Vaughan,1992-1996,17,17,696,7,524,15,4\33,46.4,1,0,New Zealand
IG Butler,2002-2010,24,24,1067,6,1000,27,4\44,39.5,1,0,New Zealand
DR Hadlee,1973-1976,9,9,548,6,337,18,4\34,30.4,1,0,New Zealand
ML Su'a,1992-1995,11,11,439,6,354,9,4\59,48.7,1,0,New Zealand
SL Boock,1978-1987,13,13,700,5,513,15,3\28,46.6,0,0,New Zealand
GE Bradburn,1990-2001,10,10,385,5,318,6,2\18,64.1,0,0,New Zealand
EJ Gray,1984-1988,10,9,386,5,286,8,2\26,48.2,0,0,New Zealand
PA Hitchcock,2002-2008,12,11,540,5,451,12,3\30,45,0,0,New Zealand
CM Kuggeleijn,1988-1989,16,16,817,5,604,12,2\31,68,0,0,New Zealand
MJ McClenaghan,2013-2014,20,20,1021,5,957,42,5\58,24.3,4,1,New Zealand
NL McCullum,2009-2014,63,61,2608,5,2092,44,3\24,59.2,0,0,New Zealand
MW Priest,1990-1998,16,16,692,5,536,8,2\27,86.5,0,0,New Zealand
CJ Anderson,2013-2014,11,10,434,4,433,18,5\63,24.1,1,1,New Zealand
RP de Groen,1993-1994,10,10,465,4,384,8,2\34,58.1,0,0,New Zealand
HK Bennett,2010-2014,13,13,602,3,543,23,4\16,26.1,2,0,New Zealand
TA Boult,2012-2013,7,7,321,3,263,5,2\45,64.2,0,0,New Zealand
CJ Drum,1999-1999,4,4,180,3,215,4,2\31,45,0,0,New Zealand
AM Ellis,2012-2013,14,12,456,3,403,10,2\35,45.6,0,0,New Zealand
MN Hart,1994-2002,12,11,512,3,351,8,2\33,64,0,0,New Zealand
TS Nethula,2012-2012,5,5,264,3,249,5,2\41,52.8,0,0,New Zealand
IE O'Brien,2008-2009,8,8,387,3,404,12,3\68,32.2,0,0,New Zealand
BGK Walker,2000-2002,11,11,438,3,417,8,2\43,54.7,0,0,New Zealand
RJ Kennedy,1996-1996,7,7,312,2,283,5,2\36,62.4,0,0,New Zealand
RT Latham,1990-1994,33,21,450,2,386,11,5\32,40.9,0,1,New Zealand
PE McEwan,1980-1985,15,8,330,2,270,3,1\31,110,0,0,New Zealand
DR O'Sullivan,1974-1976,3,3,168,2,123,2,1\38,84,0,0,New Zealand
DA Stirling,1984-1984,6,6,246,2,207,6,2\29,41,0,0,New Zealand
GW Aldridge,2011-2011,2,2,114,1,98,1,1\45,114,0,0,New Zealand
MD Bates,2012-2012,2,2,84,1,52,2,1\24,42,0,0,New Zealand
TK Canning,2003-2005,4,4,204,1,203,5,2\30,40.8,0,0,New Zealand
HT Davis,1994-1997,11,11,432,1,436,11,4\35,39.2,1,0,New Zealand
MJ Henry,2014-2014,1,1,60,1,38,4,4\38,15,1,0,New Zealand
AH Jones,1987-1995,86,11,306,1,216,4,2\42,76.5,0,0,New Zealand
JP Millmow,1990-1990,5,5,270,1,232,4,2\22,67.5,0,0,New Zealand
JFM Morrison,1975-1983,17,7,283,1,199,8,3\24,35.3,0,0,New Zealand
RJ Nicol,2011-2013,20,15,315,1,303,10,4\19,31.5,1,0,New Zealand
AJ Penn,1997-2001,5,5,159,1,201,1,1\50,159,0,0,New Zealand
LW Stott,1979-1979,1,1,72,1,48,3,3\48,24,0,0,New Zealand
BR Taylor,1973-1973,1,1,51,1,37,1,1\37,51,0,0,New Zealand
GM Turner,1973-1983,38,1,6,1,0,0,0,0,0,0,New Zealand
L Vincent,2001-2007,98,3,20,1,25,1,1\0,20,0,0,New Zealand
RJ Webb,1983-1983,3,3,161,1,105,4,2\28,40.2,0,0,New Zealand
KS Williamson,2010-2014,51,33,681,1,638,22,4\22,30.9,1,0,New Zealand
JG Wright,1978-1992,144,3,24,1,8,0,0,0,0,0,New Zealand
BR Blair,1982-1986,13,2,30,0,34,1,1\7,30,0,0,New Zealand
BP Bracewell,1978-1978,1,1,66,0,41,1,1\41,66,0,0,New Zealand
VR Brown,1988-1988,3,2,66,0,75,1,1\24,66,0,0,New Zealand
CE Bulfin,1999-1999,2,2,66,0,64,0,0,0,0,0,New Zealand
MG Burgess,1973-1981,24,3,74,0,69,1,1\10,74,0,0,New Zealand
JJ Crowe,1983-1990,73,1,6,0,1,0,0,0,0,0,New Zealand
CD Cumming,2003-2009,13,1,18,0,17,0,0,0,0,0,New Zealand
C de Grandhomme,2012-2012,1,1,6,0,9,0,0,0,0,0,New Zealand
AP Devcich,2013-2013,5,4,120,0,130,1,1\36,120,0,0,New Zealand
BA Edgar,1978-1986,62,1,12,0,5,0,0,0,0,0,New Zealand
GN Edwards,1976-1981,6,1,6,0,5,1,1\5,6,0,0,New Zealand
SP Fleming,1994-2007,264,3,29,0,28,1,1\8,29,0,0,New Zealand
DR Flynn,2008-2012,17,3,24,0,25,0,0,0,0,0,New Zealand
MJ Greatbatch,1988-1996,84,1,6,0,5,0,0,0,0,0,New Zealand
MJ Guptill,2009-2014,79,7,79,0,68,2,2\7,39.5,0,0,New Zealand
LJ Hamilton,2005-2005,2,2,108,0,143,1,1\76,108,0,0,New Zealand
MJ Haslam,1992-1992,1,1,30,0,28,1,1\28,30,0,0,New Zealand
RL Hayes,1995-1995,1,1,42,0,31,0,0,0,0,0,New Zealand
GP Howarth,1975-1985,65,7,90,0,68,3,1\4,30,0,0,New Zealand
AF Milne,2012-2014,5,5,143,0,154,1,1\40,143,0,0,New Zealand
C Munro,2013-2013,6,1,6,0,10,0,0,0,0,0,New Zealand
JDS Neesham,2013-2014,11,11,365,0,370,14,4\42,26,2,0,New Zealand
MB Owens,1992-1992,1,1,48,0,37,0,0,0,0,0,New Zealand
JM Parker,1974-1981,22,1,16,0,10,1,1\10,16,0,0,New Zealand
RB Reid,1988-1991,9,1,7,0,13,1,1\13,7,0,0,New Zealand
ADG Roberts,1976-1976,1,1,56,0,30,1,1\30,56,0,0,New Zealand
SJ Roberts,1990-1990,2,2,42,0,47,0,0,0,0,0,New Zealand
KR Rutherford,1985-1995,118,17,389,0,323,10,2\39,38.9,0,0,New Zealand
JD Ryder,2008-2014,45,18,397,0,398,12,3\29,33,0,0,New Zealand
CM Spearman,1995-2001,50,1,3,0,6,0,0,0,0,0,New Zealand
GP Sulzberger,2000-2000,3,3,132,0,102,3,1\28,44,0,0,New Zealand
AR Tait,1998-1999,5,5,120,0,88,3,2\37,40,0,0,New Zealand
LRPL Taylor,2006-2014,126,4,42,0,35,0,0,0,0,0,New Zealand
EP Thompson,2009-2009,1,1,24,0,42,0,0,0,0,0,New Zealand
RG Twose,1995-2001,81,11,272,0,235,4,2\31,68,0,0,New Zealand
MDJ Walker,2003-2003,3,3,132,0,119,4,4\49,33,1,0,New Zealand
KP Walmsley,2003-2003,2,2,120,0,117,2,1\53,60,0,0,New Zealand
JW Wilson,1993-2005,6,6,242,0,260,4,2\21,60.5,0,0,New Zealand
PJ Wiseman,1998-2003,13,12,432,0,357,12,4\45,36,1,0,New Zealand
WA Wisneski,2000-2000,2,2,78,0,93,0,0,0,0,0,New Zealand
LJ Woodcock,2011-2011,4,4,164,0,155,3,2\58,54.6,0,0,New Zealand
RW Anderson,1976-1978,2,0,0,0,0,0,0,0,0,0,New Zealand
MD Bailey,1998-1998,1,0,0,0,0,0,0,0,0,0,New Zealand
MD Bell,1998-2001,7,0,0,0,0,0,0,0,0,0,New Zealand
TE Blain,1986-1994,38,0,0,0,0,0,0,0,0,0,New Zealand
NT Broom,2009-2010,20,0,0,0,0,0,0,0,0,0,New Zealand
DG Brownlie,2012-2012,3,0,0,0,0,0,0,0,0,0,New Zealand
PG Coman,1973-1974,3,0,0,0,0,0,0,0,0,0,New Zealand
MW Douglas,1994-1995,6,0,0,0,0,0,0,0,0,0,New Zealand
TJ Franklin,1983-1988,3,0,0,0,0,0,0,0,0,0,New Zealand
PG Fulton,2004-2009,47,0,0,0,0,0,0,0,0,0,New Zealand
LK Germon,1995-1997,36,0,0,0,0,0,0,0,0,0,New Zealand
BG Hadlee,1975-1975,1,0,0,0,0,0,0,0,0,0,New Zealand
RG Hart,2002-2002,2,0,0,0,0,0,0,0,0,0,New Zealand
RT Hart,1985-1985,1,0,0,0,0,0,0,0,0,0,New Zealand
BR Hartland,1992-1994,15,0,0,0,0,0,0,0,0,0,New Zealand
BF Hastings,1973-1975,8,0,0,0,0,0,0,0,0,0,New Zealand
GJ Hopkins,2004-2010,21,0,0,0,0,0,0,0,0,0,New Zealand
MJ Horne,1997-2002,44,0,0,0,0,0,0,0,0,0,New Zealand
PA Horne,1987-1987,4,0,0,0,0,0,0,0,0,0,New Zealand
JM How,2005-2011,37,0,0,0,0,0,0,0,0,0,New Zealand
LG Howell,1998-1998,12,0,0,0,0,0,0,0,0,0,New Zealand
PJ Ingram,2010-2010,7,0,0,0,0,0,0,0,0,0,New Zealand
RA Jones,2003-2003,5,0,0,0,0,0,0,0,0,0,New Zealand
TWM Latham,2012-2013,12,0,0,0,0,0,0,0,0,0,New Zealand
WK Lees,1979-1983,31,0,0,0,0,0,0,0,0,0,New Zealand
BB McCullum,2002-2014,216,0,0,0,0,0,0,0,0,0,New Zealand
PD McGlashan,2009-2009,3,0,0,0,0,0,0,0,0,0,New Zealand
EB McSweeney,1986-1987,15,0,0,0,0,0,0,0,0,0,New Zealand
HJH Marshall,2003-2007,63,0,0,0,0,0,0,0,0,0,New Zealand
JAH Marshall,2005-2008,10,0,0,0,0,0,0,0,0,0,New Zealand
DJ Murray,1994-1994,1,0,0,0,0,0,0,0,0,0,New Zealand
CJ Nevin,2000-2003,35,0,0,0,0,0,0,0,0,0,New Zealand
MHW Papps,2004-2005,6,0,0,0,0,0,0,0,0,0,New Zealand
NM Parker,1976-1976,1,0,0,0,0,0,0,0,0,0,New Zealand
AC Parore,1992-2002,168,0,0,0,0,0,0,0,0,0,New Zealand
V Pollard,1973-1974,2,0,0,0,0,0,0,0,0,0,New Zealand
AJ Redmond,2009-2010,6,0,0,0,0,0,0,0,0,0,New Zealand
RE Redmond,1973-1973,1,0,0,0,0,0,0,0,0,0,New Zealand
JF Reid,1980-1986,22,0,0,0,0,0,0,0,0,0,New Zealand
MH Richardson,2002-2002,4,0,0,0,0,0,0,0,0,0,New Zealand
L Ronchi,2013-2014,17,0,0,0,0,0,0,0,0,0,New Zealand
HD Rutherford,2013-2013,4,0,0,0,0,0,0,0,0,0,New Zealand
MS Sinclair,2000-2007,53,0,0,0,0,0,0,0,0,0,New Zealand
IDS Smith,1980-1992,95,0,0,0,0,0,0,0,0,0,New Zealand
SL Stewart,2010-2010,4,0,0,0,0,0,0,0,0,0,New Zealand
RH Vance,1988-1989,8,0,0,0,0,0,0,0,0,0,New Zealand
GE Vivian,1973-1973,1,0,0,0,0,0,0,0,0,0,New Zealand
KJ Wadsworth,1973-1976,10,0,0,0,0,0,0,0,0,0,New Zealand
BJ Watling,2010-2013,20,0,0,0,0,0,0,0,0,0,New Zealand
PN Webb,1983-1984,5,0,0,0,0,0,0,0,0,0,New Zealand
DJ White,1990-1990,3,0,0,0,0,0,0,0,0,0,New Zealand
BA Young,1990-1999,69,0,0,0,0,0,0,0,0,0,New Zealand
CG Rackemann,1983-1991,52,52,2791,51,1833,82,5\16,34,3,1,Australia
SP O'Donnell,1985-1991,87,87,4350,49,3102,108,5\13,40.2,5,1,Australia
SP Davis,1986-1988,39,39,2016,46,1133,44,3\10,45.8,0,0,Australia
MR Whitney,1983-1993,38,38,2106,43,1249,46,4\34,45.7,2,0,Australia
GS Chappell,1971-1983,74,67,3108,41,2097,72,5\15,43.1,0,2,Australia
CJ McKay,2009-2014,59,59,2965,38,2364,97,5\28,30.5,4,2,Australia
GB Hogg,1996-2008,123,113,5564,37,4188,156,5\32,35.6,3,2,Australia
JR Thomson,1975-1985,50,50,2696,37,1942,55,4\67,49,1,0,Australia
SR Watson,2002-2014,173,149,6070,35,4933,163,4\36,37.2,3,0,Australia
AC Dale,1997-2000,30,30,1596,34,979,32,3\18,49.8,0,0,Australia
PL Taylor,1987-1992,83,80,3937,33,2740,97,4\38,40.5,1,0,Australia
JR Hopes,2005-2010,84,75,3157,32,2384,67,5\14,47.1,0,1,Australia
TM Moody,1987-1999,76,66,2797,31,2014,52,3\25,53.7,0,0,Australia
AIC Dodemaide,1988-1993,24,24,1327,30,753,36,5\21,36.8,1,1,Australia
A Symonds,1998-2009,198,158,5935,30,4955,133,5\18,44.6,2,1,Australia
IJ Harvey,1997-2004,73,70,3279,29,2577,85,4\16,38.5,4,0,Australia
AJ Bichel,1997-2004,67,66,3257,28,2463,78,7\20,41.7,1,2,Australia
DE Bollinger,2009-2011,39,39,1942,28,1482,62,5\35,31.3,3,2,Australia
MS Kasprowicz,1995-2005,43,42,2225,28,1674,67,5\45,33.2,1,2,Australia
MHN Walker,1974-1981,17,17,1006,24,546,20,4\19,50.3,1,0,Australia
MG Hughes,1988-1993,33,33,1639,22,1115,38,4\44,43.1,1,0,Australia
GRJ Matthews,1984-1993,59,54,2808,21,2004,57,3\27,49.2,0,0,Australia
LS Pascoe,1977-1982,29,28,1568,21,1066,53,5\30,29.5,4,1,Australia
BA Williams,2002-2004,25,24,1203,19,814,35,5\22,34.3,1,2,Australia
SR Clark,2005-2009,39,38,1829,18,1477,53,4\54,34.5,2,0,Australia
TBA May,1987-1995,47,46,2504,17,1772,39,3\19,64.2,0,0,Australia
XJ Doherty,2010-2014,54,50,2516,16,1987,51,4\28,49.3,3,0,Australia
G Dymock,1974-1980,15,14,806,16,412,15,2\21,53.7,0,0,Australia
BW Hilfenhaus,2007-2012,25,25,1216,16,1075,29,5\33,41.9,0,1,Australia
MF Malone,1977-1982,10,10,612,16,315,11,2\9,55.6,0,0,Australia
S Lee,1995-2001,45,43,1706,14,1245,48,5\33,35.5,1,1,Australia
RJ Harris,2009-2012,21,20,1031,13,832,44,5\19,23.4,0,3,Australia
NM Hauritz,2002-2011,58,56,2724,12,2152,63,4\29,43.2,2,0,Australia
TG Hogan,1983-1984,16,15,917,12,574,23,4\33,39.8,1,0,Australia
JN Maguire,1983-1984,23,20,1009,12,769,19,3\61,53.1,0,0,Australia
AR Border,1979-1994,273,87,2661,11,2071,73,3\20,36.4,0,0,Australia
AG Hurst,1975-1979,8,7,402,11,203,12,5\21,33.5,0,1,Australia
BP Julian,1993-1999,25,25,1146,11,997,22,3\40,52,0,0,Australia
SW Tait,2007-2011,35,34,1688,11,1461,62,4\39,27.2,2,0,Australia
ME Waugh,1988-2002,244,120,3687,11,2938,85,5\24,43.3,1,1,Australia
GD Campbell,1989-1990,12,12,613,9,404,18,3\17,34,0,0,Australia
GJ Cosier,1975-1979,9,8,409,9,248,14,5\18,29.2,0,1,Australia
GJ Gilmour,1974-1975,5,5,320,9,165,16,6\14,20,0,2,Australia
PM Siddle,2009-2010,17,16,751,9,581,15,3\55,50,0,0,Australia
RJ McCurdy,1985-1985,11,11,515,8,375,12,3\19,42.9,0,0,Australia
KH MacLeay,1983-1987,16,16,857,8,626,15,6\39,57.1,0,1,Australia
MJ Clarke,2003-2014,236,104,2549,7,2130,56,5\35,45.5,1,1,Australia
AA Mallett,1971-1975,9,9,502,7,341,11,3\34,45.6,0,0,Australia
MJ Bennett,1984-1985,8,8,408,6,275,4,2\27,102,0,0,Australia
MA Starc,2010-2013,19,19,874,6,737,37,5\20,23.6,3,3,Australia
P Wilson,1997-1998,11,11,562,6,450,13,3\39,43.2,0,0,Australia
JP Faulkner,2013-2014,24,23,1120,5,1081,36,4\48,31.1,2,0,Australia
RAL Massie,1972-1972,3,3,183,5,129,3,2\35,61,0,0,Australia
JL Pattinson,2011-2014,13,13,637,5,572,16,4\51,39.8,1,0,Australia
GD Porter,1979-1979,2,2,108,5,33,3,2\13,36,0,0,Australia
B Yardley,1978-1983,7,5,198,5,130,7,3\28,28.2,0,0,Australia
MG Bevan,1994-2004,232,67,1966,4,1655,36,3\36,54.6,0,0,Australia
TM Chappell,1980-1983,20,14,736,4,538,19,3\31,38.7,0,0,Australia
DT Christian,2012-2014,19,19,727,4,595,20,5\31,36.3,0,1,Australia
DJ Cullen,2006-2006,5,5,213,4,147,2,2\25,106.5,0,0,Australia
DR Gilbert,1986-1986,14,14,684,4,552,18,5\46,38,0,1,Australia
SF Graf,1980-1981,11,10,522,4,345,8,2\23,65.2,0,0,Australia
SCG MacGill,2000-2000,3,3,180,4,105,6,4\19,30,1,0,Australia
J Angel,1994-1995,3,3,162,3,113,4,2\47,40.5,0,0,Australia
GR Beard,1981-1981,2,2,112,3,70,4,2\20,28,0,0,Australia
GS Blewett,1995-1999,32,24,749,3,646,14,2\6,53.5,0,0,Australia
RJ Bright,1974-1986,11,10,462,3,350,3,1\28,154,0,0,Australia
PH Carlson,1979-1979,4,3,168,3,70,2,1\21,84,0,0,Australia
WM Clark,1978-1978,2,2,100,3,61,3,2\39,33.3,0,0,Australia
TJ Laughlin,1978-1979,6,6,308,3,224,8,3\54,38.5,0,0,Australia
SG Law,1994-1999,54,25,807,3,635,12,2\22,67.2,0,0,Australia
DS Lehmann,1996-2005,117,62,1793,3,1445,52,4\7,34.4,1,0,Australia
GJ Maxwell,2012-2014,24,20,705,3,637,11,4\63,64,1,0,Australia
KJ O'Keeffe,1977-1977,2,2,132,3,79,2,1\36,66,0,0,Australia
KW Richardson,2013-2013,1,1,36,3,15,0,0,0,0,0,Australia
KD Walters,1971-1981,28,10,314,3,273,4,2\24,78.5,0,0,Australia
IW Callen,1978-1982,5,4,180,2,148,5,3\24,36,0,0,Australia
BR Dorey,2006-2006,4,4,162,2,146,2,1\12,81,0,0,Australia
RG Holland,1985-1985,2,2,126,2,99,2,2\49,63,0,0,Australia
NM Lyon,2012-2012,2,2,96,2,77,1,1\41,96,0,0,Australia
DR Martyn,1992-2006,208,31,794,2,704,12,2\21,66.1,0,0,Australia
AM Stuart,1997-1997,3,3,180,2,109,8,5\26,22.5,0,1,Australia
AL Thomson,1971-1971,1,1,64,2,22,1,1\22,64,0,0,Australia
KC Wessels,1983-1985,54,22,737,2,655,18,2\16,40.9,0,0,Australia
CL White,2005-2011,87,19,331,2,351,12,3\5,27.5,0,0,Australia
IM Chappell,1971-1980,16,2,42,1,23,2,2\14,21,0,0,Australia
DJ Colley,1972-1972,1,1,66,1,72,0,0,0,0,0,Australia
NM Coulter-Nile,2013-2014,7,7,414,1,363,11,3\34,37.6,0,0,Australia
PJ Cummins,2011-2012,5,5,216,1,214,7,3\28,30.8,0,0,Australia
BCJ Cutting,2013-2013,3,3,180,1,140,5,3\45,36,0,0,Australia
JR Hammond,1972-1972,1,1,54,1,41,1,1\41,54,0,0,Australia
JW Hastings,2010-2011,11,11,546,1,410,8,2\35,68.2,0,0,Australia
MC Henriques,2009-2013,5,4,162,1,123,4,3\32,40.5,0,0,Australia
DJ Hussey,2008-2013,69,39,802,1,698,18,4\21,44.5,2,0,Australia
MEK Hussey,2004-2012,185,13,240,1,235,2,1\22,120,0,0,Australia
TJ Jenner,1975-1975,1,1,64,1,28,0,0,0,0,0,Australia
B Laughlin,2009-2009,5,5,224,1,219,4,1\28,56,0,0,Australia
ML Lewis,2005-2006,7,7,341,1,391,7,3\56,48.7,0,0,Australia
DP Nannes,2009-2009,1,1,42,1,20,1,1\20,42,0,0,Australia
GR Robertson,1994-1998,13,13,597,1,430,8,3\29,74.6,0,0,Australia
MJ Slater,1993-1997,42,2,12,1,11,0,0,0,0,0,Australia
AC Voges,2007-2013,31,15,301,1,276,6,1\3,50.1,0,0,Australia
GD Watson,1972-1972,2,1,48,1,28,2,2\28,24,0,0,Australia
AK Zesers,1987-1987,2,2,90,1,74,1,1\37,90,0,0,Australia
DC Boon,1984-1995,181,7,82,0,86,0,0,0,0,0,Australia
AN Connolly,1971-1971,1,1,64,0,62,0,0,0,0,0,Australia
MJ Cosgrove,2006-2006,3,2,30,0,13,1,1\1,30,0,0,Australia
WJ Edwards,1975-1975,1,1,1,0,0,0,0,0,0,0,Australia
Fawad Ahmed,2013-2013,3,3,144,0,145,3,1\39,48,0,0,Australia
AJ Finch,2013-2014,23,4,40,0,26,2,1\2,20,0,0,Australia
B Geeves,2008-2009,2,2,90,0,78,3,2\11,30,0,0,Australia
SM Harwood,2009-2009,1,1,60,0,57,2,2\57,30,0,0,Australia
ML Hayden,1993-2008,160,1,6,0,18,0,0,0,0,0,Australia
JR Hazlewood,2010-2013,2,2,54,0,47,1,1\41,54,0,0,Australia
BJ Hodge,2005-2007,25,3,66,0,51,1,1\17,66,0,0,Australia
DW Hookes,1977-1986,39,3,29,0,28,1,1\2,29,0,0,Australia
KJ Hughes,1977-1985,97,1,1,0,4,0,0,0,0,0,Australia
DM Jones,1984-1994,164,8,106,0,81,3,2\34,35.3,0,0,Australia
JJ Krejza,2011-2011,8,8,425,0,331,7,2\28,60.7,0,0,Australia
GD McKenzie,1971-1971,1,1,60,0,22,2,2\22,30,0,0,Australia
GR Marsh,1986-1992,117,1,6,0,4,0,0,0,0,0,Australia
MR Marsh,2011-2013,4,3,48,0,44,1,1\19,48,0,0,Australia
AA Noffke,2008-2008,1,1,54,0,46,1,1\46,54,0,0,Australia
MJ North,2009-2009,2,1,18,0,16,0,0,0,0,0,Australia
RT Ponting,1995-2012,374,5,150,0,104,3,1\12,50,0,0,Australia
RB Simpson,1978-1978,2,2,102,0,95,2,2\30,51,0,0,Australia
SB Smith,1983-1985,28,2,7,0,5,0,0,0,0,0,Australia
SPD Smith,2010-2014,34,27,899,0,780,22,3\33,40.8,0,0,Australia
KR Stackpole,1971-1974,6,2,77,0,54,3,3\40,25.6,0,0,Australia
GS Trimble,1986-1986,2,1,24,0,32,0,,0,0,0,Australia
DA Warner,2009-2014,42,1,6,0,8,0,0,0,0,0,Australia
JM Wiener,1979-1980,7,2,24,0,34,0,0,0,0,0,Australia
GN Yallop,1978-1984,30,4,138,0,119,3,2\28,46,0,0,Australia
BE Young,1998-1999,6,5,234,0,251,1,1\26,234,0,0,Australia
GJ Bailey,2012-2014,39,0,0,0,0,0,0,0,0,0,Australia
GA Bishop,1987-1987,2,0,0,0,0,0,0,0,0,0,Australia
RJ Campbell,2002-2002,2,0,0,0,0,0,0,0,0,0,Australia
WM Darling,1978-1982,18,0,0,0,0,0,0,0,0,0,Australia
IC Davis,1974-1977,3,0,0,0,0,0,0,0,0,0,Australia
MJ Di Venuto,1997-1997,9,0,0,0,0,0,0,0,0,0,Australia
GC Dyer,1986-1988,23,0,0,0,0,0,0,0,0,0,Australia
J Dyson,1980-1983,29,0,0,0,0,0,0,0,0,0,Australia
R Edwards,1972-1975,9,0,0,0,0,0,0,0,0,0,Australia
MTG Elliott,1997-1997,1,0,0,0,0,0,0,0,0,0,Australia
PA Emery,1994-1994,1,0,0,0,0,0,0,0,0,0,Australia
CJ Ferguson,2009-2011,30,0,0,0,0,0,0,0,0,0,Australia
PJ Forrest,2012-2012,15,0,0,0,0,0,0,0,0,0,Australia
AC Gilchrist,1996-2008,286,0,0,0,0,0,0,0,0,0,Australia
BJ Haddin,2001-2014,105,0,0,0,0,0,0,0,0,0,Australia
IA Healy,1988-1997,168,0,0,0,0,0,0,0,0,0,Australia
AMJ Hilditch,1979-1985,8,0,0,0,0,0,0,0,0,0,Australia
PJ Hughes,2013-2013,20,0,0,0,0,0,0,0,0,0,Australia
PA Jaques,2006-2007,6,0,0,0,0,0,0,0,0,0,Australia
SM Katich,2001-2006,45,0,0,0,0,0,0,0,0,0,Australia
MF Kent,1981-1981,5,0,0,0,0,0,0,0,0,0,Australia
RB Kerr,1985-1985,4,0,0,0,0,0,0,0,0,0,Australia
UT Khawaja,2013-2013,3,0,0,0,0,0,0,0,0,0,Australia
BM Laird,1979-1982,23,0,0,0,0,0,0,0,0,0,Australia
JL Langer,1994-1997,8,0,0,0,0,0,0,0,0,0,Australia
WM Lawry,1971-1971,1,0,0,0,0,0,0,0,0,0,Australia
RB McCosker,1975-1982,14,0,0,0,0,0,0,0,0,0,Australia
JA Maclean,1979-1979,2,0,0,0,0,0,0,0,0,0,Australia
JP Maher,1998-2003,26,0,0,0,0,0,0,0,0,0,Australia
GA Manou,2009-2009,4,0,0,0,0,0,0,0,0,0,Australia
RW Marsh,1971-1984,92,0,0,0,0,0,0,0,0,0,Australia
SE Marsh,2008-2014,45,0,0,0,0,0,0,0,0,0,Australia
JK Moss,1979-1979,1,0,0,0,0,0,0,0,0,0,Australia
TD Paine,2009-2011,26,0,0,0,0,0,0,0,0,0,Australia
WB Phillips,1982-1986,48,0,0,0,0,0,0,0,0,0,Australia
IR Redpath,1971-1975,5,0,0,0,0,0,0,0,0,0,Australia
GM Ritchie,1982-1987,44,0,0,0,0,0,0,0,0,0,Australia
SJ Rixon,1978-1985,6,0,0,0,0,0,0,0,0,0,Australia
RD Robinson,1977-1977,2,0,0,0,0,0,0,0,0,0,Australia
L Ronchi,2008-2008,4,0,0,0,0,0,0,0,0,0,Australia
CS Serjeant,1977-1978,3,0,0,0,0,0,0,0,0,0,Australia
AP Sheahan,1972-1972,3,0,0,0,0,0,0,0,0,0,Australia
JD Siddons,1988-1988,1,0,0,0,0,0,0,0,0,0,Australia
MA Taylor,1989-1997,113,0,0,0,0,0,0,0,0,0,Australia
PM Toohey,1978-1979,5,0,0,0,0,0,0,0,0,0,Australia
A Turner,1975-1975,6,0,0,0,0,0,0,0,0,0,Australia
MRJ Veletta,1987-1989,20,0,0,0,0,0,0,0,0,0,Australia
MS Wade,2012-2014,42,0,0,0,0,0,0,0,0,0,Australia
DM Wellham,1981-1987,17,0,0,0,0,0,0,0,0,0,Australia
DF Whatmore,1980-1980,1,0,0,0,0,0,0,0,0,0,Australia
GM Wood,1978-1989,83,0,0,0,0,0,0,0,0,0,Australia
D Gough,1994-2006,151,150,8200,118,5970,227,5\44,36.1,10,2,England
PAJ DeFreitas,1987-1997,102,102,5670,112,3753,113,4\35,50.1,1,0,England
JM Anderson,2002-2013,167,166,8453,111,7034,243,5\23,34.7,10,2,England
ARC Fraser,1989-1999,40,40,2315,56,1370,45,4\22,51.4,1,0,England
SCJ Broad,2006-2014,103,103,5316,50,4634,161,5\23,33,9,1,England
AD Mullally,1996-2001,49,49,2699,48,1728,63,4\18,42.8,2,0,England
MA Ealham,1996-2001,62,62,3227,34,2197,67,5\15,48.1,1,2,England
GR Dilley,1979-1988,36,36,2043,33,1291,48,4\23,42.5,3,0,England
TT Bresnan,2006-2014,81,81,4077,31,3714,104,5\48,39.2,3,1,England
GA Gooch,1976-1995,121,59,2018,26,1490,35,3\19,57.6,0,0,England
RDB Croft,1996-2001,49,49,2466,25,1743,45,3\51,54.8,0,0,England
NA Foster,1984-1989,48,48,2627,25,1836,59,3\20,44.5,0,0,England
G Miller,1977-1984,25,24,1268,20,813,25,3\27,50.7,0,0,England
PJW Allott,1982-1985,13,13,819,19,552,15,3\41,54.6,0,0,England
GG Arnold,1972-1975,12,12,698,19,333,19,4\27,36.7,1,0,England
PH Edmonds,1977-1987,28,27,1534,19,965,26,3\39,59,0,0,England
JK Lever,1976-1982,21,21,1128,19,705,24,4\29,47,1,0,England
DG Cork,1992-2002,31,31,1754,18,1347,41,3\27,42.7,0,0,England
NG Cowans,1983-1985,23,23,1282,17,913,23,3\44,55.7,0,0,England
AF Giles,1997-2005,59,54,2706,16,1946,54,5\57,50.1,0,1,England
EE Hemmings,1982-1991,31,31,1698,16,1253,36,4\52,47.1,1,0,England
PD Collingwood,2001-2011,190,148,5102,14,4188,108,6\31,47.2,3,1,England
MJ Hoggard,2001-2006,26,26,1306,13,1152,32,5\49,40.8,0,1,England
RK Illingworth,1991-1996,25,25,1501,13,1059,30,3\33,50,0,0,England
RD Jackman,1974-1983,15,15,873,13,598,19,3\41,45.9,0,0,England
J Lewis,2005-2007,13,13,716,13,500,18,4\36,39.7,1,0,England
DJ Capel,1987-1990,21,21,1002,12,780,16,3\38,62.6,0,0,England
DA Reeve,1991-1996,28,27,1117,12,818,19,3\20,58.7,0,0,England
RJ Sidebottom,2001-2010,25,25,1277,12,1039,29,3\19,44,0,0,England
PCR Tufnell,1990-1997,20,20,1020,12,699,19,4\22,53.6,1,0,England
B Wood,1972-1982,11,9,372,12,183,9,2\14,41.3,0,0,England
JA Snow,1971-1975,8,8,538,11,232,14,4\11,38.4,2,0,England
JC Tredwell,2010-2014,29,29,1378,11,1092,39,4\44,35.3,2,0,England
RS Bopara,2007-2014,98,61,1547,10,1232,34,4\38,45.5,1,0,England
AW Greig,1972-1977,20,18,876,10,585,19,4\45,46.1,1,0,England
RM Ellison,1984-1986,14,14,696,9,510,12,3\42,58,0,0,England
PJ Martin,1995-1998,19,19,1012,9,777,26,4\44,38.9,1,0,England
AG Wharf,2004-2005,12,12,530,9,380,15,4\24,35.3,1,0,England
P Willey,1977-1986,26,22,1031,9,659,13,3\33,79.3,0,0,England
ID Blackwell,2002-2006,33,26,1230,8,877,24,3\26,51.2,0,0,England
PW Jarvis,1988-1993,16,16,879,8,672,24,5\35,36.6,1,1,England
DE Malcolm,1990-1994,10,10,526,8,404,16,3\40,32.8,0,0,England
RL Johnson,2003-2003,9,9,402,7,239,11,3\22,36.5,0,0,England
SP Jones,2004-2005,7,6,288,7,222,5,2\43,57.6,0,0,England
SI Mahmood,2004-2009,25,25,1197,7,1169,30,4\50,39.9,1,0,England
LE Plunkett,2005-2011,29,29,1363,7,1321,39,3\24,34.9,0,0,England
MH Yardy,2006-2011,28,28,1332,7,1075,21,3\24,63.4,0,0,England
JW Dernbach,2011-2013,23,23,1180,6,1246,30,4\45,39.3,1,0,England
GA Hick,1991-2001,117,47,1236,6,1026,30,5\33,41.2,0,1,England
AD Mascarenhas,2007-2009,19,19,816,6,624,13,3\23,62.7,0,0,England
A Shahzad,2010-2011,11,11,588,5,490,17,3\41,34.5,0,0,England
Kabir Ali,2005-2006,12,12,622,4,638,17,4\45,36.5,1,0,England
MW Gatting,1977-1993,92,14,392,4,336,10,3\32,39.2,0,0,England
AP Igglesden,1994-1994,4,4,168,4,122,2,2\12,84,0,0,England
RC Irani,1996-2003,29,29,1223,4,966,24,5\26,50.9,1,1,England
RJ Kirtley,2001-2004,10,10,489,4,404,8,2\33,61.1,0,0,England
SR Patel,2008-2013,33,30,1085,4,1027,22,5\41,49.3,0,1,England
NV Radford,1988-1988,6,6,348,4,230,2,1\32,174,0,0,England
SD Udal,1994-2005,11,11,612,4,400,9,2\37,68,0,0,England
MP Bicknell,1990-1991,7,7,413,3,347,13,3\55,31.7,0,0,England
DR Brown,1997-1998,9,9,324,3,305,7,2\28,46.2,0,0,England
R Clarke,2003-2006,18,14,469,3,415,11,2\28,42.6,0,0,England
BL D'Oliveira,1971-1972,4,4,204,3,140,3,1\19,68,0,0,England
MV Fleming,1997-1998,11,11,523,3,434,17,4\45,30.7,1,0,England
AJ Hollioake,1996-1999,35,32,1208,3,1019,32,4\23,37.7,2,0,England
P Lever,1971-1975,8,8,386,3,226,7,3\32,55.1,0,0,England
WB Rankin,2013-2014,6,6,319,3,241,10,4\46,31.9,1,0,England
GB Stevenson,1980-1981,4,4,192,3,125,7,4\33,27.4,1,0,England
LB Taylor,1986-1986,2,2,84,3,47,0,0,0,0,0,England
VJ Wells,1999-1999,9,8,220,3,189,8,3\30,27.5,0,0,England
RA Woolmer,1972-1976,6,6,321,3,260,9,3\33,35.6,0,0,England
ID Austin,1998-1999,9,9,475,2,360,6,2\25,79.1,0,0,England
JWM Dalrymple,2006-2007,26,23,840,2,666,14,2\5,60,0,0,England
DW Headley,1996-1999,13,13,594,2,520,11,2\38,54,0,0,England
BC Hollioake,1997-2002,20,17,642,2,532,8,2\37,80.2,0,0,England
R Illingworth,1971-1973,2,2,130,2,84,4,3\50,32.5,0,0,England
CJ Jordan,2013-2014,7,7,396,2,371,9,3\51,44,0,0,England
A McGrath,2003-2004,13,7,228,2,175,4,1\13,57,0,0,England
SD Parry,2014-2014,2,2,114,2,92,4,3\32,28.5,0,0,England
JE Root,2013-2014,25,18,474,2,471,10,2\15,47.4,0,0,England
NMK Smith,1996-1996,6,6,261,2,190,6,3\29,43.5,0,0,England
JN Snape,2001-2002,10,10,529,2,403,13,3\43,40.6,0,0,England
BA Stokes,2011-2014,16,11,522,2,496,16,5\61,32.6,1,1,England
JG Thomas,1986-1987,3,3,156,2,144,3,2\59,52,0,0,England
CT Tremlett,2005-2011,15,15,784,2,705,15,4\32,52.2,1,0,England
MP Vaughan,2001-2007,81,26,760,2,612,16,4\22,47.5,1,0,England
SL Watkin,1994-1994,4,4,221,2,193,7,4\49,31.5,1,0,England
CR Woakes,2011-2013,12,12,590,2,557,15,6\45,39.3,0,1,England
LJ Wright,2007-2014,47,35,1014,2,861,15,2\34,67.6,0,0,England
MM Ali,2014-2014,3,3,60,1,41,3,1\5,20,0,0,England
MW Alleyne,1999-2000,10,9,366,1,280,10,3\27,36.6,0,0,England
GJ Batty,2002-2009,10,9,440,1,366,5,2\40,88,0,0,England
G Boycott,1971-1981,34,6,168,1,105,5,2\14,33.6,0,0,England
NGB Cook,1984-1989,3,3,144,1,95,5,2\18,28.8,0,0,England
N Gifford,1985-1985,2,2,120,1,50,4,4\23,30,1,0,England
JA Jameson,1973-1975,3,1,12,1,3,0,0,0,0,0,England
DV Lawrence,1991-1991,1,1,66,1,67,4,4\67,16.5,1,0,England
D Lloyd,1973-1980,8,1,12,1,3,1,1\3,12,0,0,England
SC Meaker,2011-2011,2,2,114,1,110,2,1\45,57,0,0,England
G Onions,2009-2009,4,4,204,1,185,4,2\58,51,0,0,England
PI Pocock,1985-1985,1,1,60,1,20,0,0,0,0,0,England
IDK Salisbury,1993-1994,4,4,186,1,177,5,3\41,37.2,0,0,England
OA Shah,2001-2009,68,10,193,1,184,7,3\15,27.5,0,0,England
GP Thorpe,1993-2002,80,5,120,1,97,2,2\15,60,0,0,England
AJ Tudor,2002-2002,3,3,127,1,136,4,2\30,31.7,0,0,England
JP Agnew,1985-1985,3,3,126,0,120,3,3\38,42,0,0,England
CWJ Athey,1980-1988,31,1,6,0,10,0,0,0,0,0,England
RJ Bailey,1985-1990,4,1,36,0,25,0,0,0,0,0,England
IR Bell,2004-2014,134,6,88,0,88,6,3\9,14.6,0,0,England
JE Benjamin,1994-1995,2,2,72,0,47,1,1\22,72,0,0,England
SG Borthwick,2011-2011,2,2,54,0,72,0,0,0,0,0,England
DR Briggs,2012-2012,1,1,60,0,39,2,2\39,30,0,0,England
BC Broad,1987-1988,34,1,6,0,6,0,0,0,0,0,England
AD Brown,1996-2001,15,1,6,0,5,0,0,0,0,0,England
MA Carberry,2013-2013,4,1,6,0,12,0,0,0,0,0,England
G Chapple,2006-2006,1,1,24,0,14,0,0,0,0,0,England
DB Close,1972-1972,3,1,18,0,21,0,0,0,0,0,England
GA Cope,1977-1978,2,2,112,0,35,2,1\16,56,0,0,England
CS Cowdrey,1985-1985,3,2,52,0,55,2,1\3,26,0,0,England
NH Fairbrother,1987-1999,74,1,6,0,9,0,0,0,0,0,England
PJ Franks,2000-2000,1,1,54,0,48,0,0,0,0,0,England
DI Gower,1978-1991,113,2,5,0,14,0,0,0,0,0,England
AP Grayson,2000-2001,2,2,90,0,60,3,3\40,30,0,0,England
TE Jesty,1983-1983,10,4,108,0,93,1,1\23,108,0,0,England
AJ Lamb,1982-1992,120,1,6,0,3,0,0,0,0,0,England
W Larkins,1979-1991,23,2,15,0,22,0,0,0,0,0,England
AGR Loudon,2006-2006,1,1,36,0,36,0,0,0,0,0,England
KP Pietersen,2004-2013,127,22,388,0,364,7,2\22,55.4,0,0,England
MR Ramprakash,1991-2001,18,5,132,0,108,4,3\28,33,0,0,England
DW Randall,1976-1985,48,1,2,0,2,1,1\2,2,0,0,England
AU Rashid,2009-2009,5,5,204,0,191,3,1\16,68,0,0,England
K Shuttleworth,1971-1971,1,1,56,0,29,1,1\29,56,0,0,England
CEW Silverwood,1996-2001,7,7,306,0,244,6,3\43,51,0,0,England
CL Smith,1984-1984,4,2,36,0,28,2,2\8,18,0,0,England
VS Solanki,2000-2006,49,7,111,0,105,1,1\17,111,0,0,England
DS Steele,1976-1976,1,1,6,0,9,0,0,0,0,0,England
AJ Strauss,2003-2011,123,1,6,0,3,0,0,0,0,0,England
CJ Tavare,1980-1984,29,1,12,0,3,0,0,0,0,0,England
JP Taylor,1993-1993,1,1,18,0,20,0,0,0,0,0,England
ME Trescothick,2000-2006,116,13,232,0,219,4,2\7,58,0,0,England
IJL Trott,2009-2013,65,9,171,0,152,2,2\31,85.5,0,0,England
M Watkinson,1996-1996,1,1,54,0,43,0,0,0,0,0,England
CJ Adams,1998-2000,5,0,0,0,0,0,0,0,0,0,England
TR Ambrose,2008-2008,4,0,0,0,0,0,0,0,0,0,England
DL Amiss,1972-1977,16,0,0,0,0,0,0,0,0,0,England
MA Atherton,1990-1998,53,0,0,0,0,0,0,0,0,0,England
DL Bairstow,1979-1984,21,0,0,0,0,0,0,0,0,0,England
JM Bairstow,2011-2012,7,0,0,0,0,0,0,0,0,0,England
GS Ballance,2013-2014,5,0,0,0,0,0,0,0,0,0,England
GD Barlow,1976-1977,6,0,0,0,0,0,0,0,0,0,England
KJ Barnett,1988-1988,1,0,0,0,0,0,0,0,0,0,England
MR Benson,1986-1986,1,0,0,0,0,0,0,0,0,0,England
RJ Blakey,1992-1993,3,0,0,0,0,0,0,0,0,0,England
JM Brearley,1977-1980,24,0,0,0,0,0,0,0,0,0,England
AR Butcher,1980-1980,1,0,0,0,0,0,0,0,0,0,England
RO Butcher,1980-1981,3,0,0,0,0,0,0,0,0,0,England
JC Buttler,2012-2014,26,0,0,0,0,0,0,0,0,0,England
AN Cook,2006-2014,75,0,0,0,0,0,0,0,0,0,England
G Cook,1981-1983,6,0,0,0,0,0,0,0,0,0,England
MC Cowdrey,1971-1971,1,0,0,0,0,0,0,0,0,0,England
JP Crawley,1994-1999,13,0,0,0,0,0,0,0,0,0,England
SM Davies,2009-2011,8,0,0,0,0,0,0,0,0,0,England
JL Denly,2009-2009,9,0,0,0,0,0,0,0,0,0,England
MH Denness,1973-1975,11,0,0,0,0,0,0,0,0,0,England
PR Downton,1977-1988,28,0,0,0,0,0,0,0,0,0,England
JH Edrich,1971-1974,5,0,0,0,0,0,0,0,0,0,England
KWR Fletcher,1971-1982,21,0,0,0,0,0,0,0,0,0,England
JS Foster,2001-2002,11,0,0,0,0,0,0,0,0,0,England
G Fowler,1983-1986,26,0,0,0,0,0,0,0,0,0,England
BN French,1985-1988,13,0,0,0,0,0,0,0,0,0,England
IJ Gould,1983-1983,18,0,0,0,0,0,0,0,0,0,England
JH Hampshire,1971-1972,3,0,0,0,0,0,0,0,0,0,England
FC Hayes,1973-1975,5,0,0,0,0,0,0,0,0,0,England
GW Humpage,1981-1981,3,0,0,0,0,0,0,0,0,0,England
N Hussain,1989-2003,87,0,0,0,0,0,0,0,0,0,England
GO Jones,2004-2006,47,0,0,0,0,0,0,0,0,0,England
EC Joyce,2006-2007,17,0,0,0,0,0,0,0,0,0,England
RWT Key,2003-2004,5,0,0,0,0,0,0,0,0,0,England
C Kieswetter,2010-2013,44,0,0,0,0,0,0,0,0,0,England
NV Knight,1996-2003,99,0,0,0,0,0,0,0,0,0,England
APE Knott,1971-1977,19,0,0,0,0,0,0,0,0,0,England
GD Lloyd,1996-1998,6,0,0,0,0,0,0,0,0,0,England
TA Lloyd,1984-1984,3,0,0,0,0,0,0,0,0,0,England
Wasim Akram,1984-2003,356,351,18186,238,11812,502,5\15,36.2,17,6,Pakistan
Waqar Younis,1989-2003,262,258,12698,143,9919,416,7\36,30.5,14,13,Pakistan
Imran Khan,1974-1992,175,153,7461,124,4844,182,6\14,40.9,3,1,Pakistan
Abdul Razzaq,1996-2011,261,250,10851,107,8452,268,6\35,40.4,8,3,Pakistan
Aaqib Javed,1988-1998,163,159,8012,98,5721,182,7\37,44,2,4,Pakistan
Shoaib Akhtar,1998-2011,158,157,7509,93,5953,241,6\16,31.1,6,4,Pakistan
Shahid Afridi,1996-2014,373,349,16539,71,12753,376,7\12,43.9,4,9,Pakistan
Mushtaq Ahmed,1989-2003,144,142,7543,51,5361,161,5\36,46.8,3,1,Pakistan
Saeed Ajmal,2008-2014,110,109,5861,49,4049,182,5\24,32.2,6,2,Pakistan
Sarfraz Nawaz,1973-1984,45,45,2412,49,1463,63,4\27,38.2,4,0,Pakistan
Mudassar Nazar,1977-1989,122,104,4855,43,3432,111,5\28,43.7,1,1,Pakistan
Iftikhar Anjum,2004-2010,62,60,2960,41,2430,77,5\30,38.4,2,1,Pakistan
Mohammad Hafeez,2003-2014,146,138,6206,41,4202,118,3\17,52.5,0,0,Pakistan
Mohammad Sami,2001-2012,85,83,4188,41,3451,121,5\10,34.6,3,1,Pakistan
Arshad Khan,1993-2006,58,56,2823,27,1948,56,4\33,50.4,1,0,Pakistan
 Naved-ul-Hasan,2003-2010,74,72,3466,25,3221,110,6\27,31.5,6,1,Pakistan
Shabbir Ahmed,1999-2005,32,32,1642,25,1192,33,3\32,49.7,0,0,Pakistan
Junaid Khan,2011-2014,46,46,2165,23,1804,74,4\12,29.2,3,0,Pakistan
Sohail Tanvir,2007-2013,58,56,2763,23,2401,67,5\48,41.2,3,1,Pakistan
Saleem Jaffar,1986-1990,39,39,1900,18,1382,40,3\25,47.5,0,0,Pakistan
Aamer Sohail,1990-2000,156,125,4836,17,3703,85,4\22,56.8,1,0,Pakistan
Mohammad Irfan,2010-2013,27,27,1361,14,1058,39,4\33,34.8,1,0,Pakistan
Abdur Rehman,2006-2014,31,31,1624,12,1142,30,4\48,54.1,1,0,Pakistan
Iqbal Qasim,1977-1988,15,14,664,12,500,12,3\13,55.3,0,0,Pakistan
Wahab Riaz,2008-2013,39,38,1694,12,1562,48,5\46,35.2,0,1,Pakistan
Danish Kaneria,2001-2007,18,18,854,11,683,15,3\31,56.9,0,0,Pakistan
Majid Khan,1973-1982,23,15,658,11,374,13,3\27,50.6,0,0,Pakistan
Saleem Malik,1982-1999,283,120,3505,10,2959,89,5\35,39.3,1,1,Pakistan
Wasim Raja,1973-1985,54,29,1036,10,687,21,4\25,49.3,1,0,Pakistan
Mohammad Amir,2009-2010,15,15,789,9,600,25,4\28,31.5,1,0,Pakistan
Asif Masood,1973-1976,7,7,402,8,234,5,2\9,80.4,0,0,Pakistan
Mohammad Zahid,1996-2002,11,11,512,8,391,10,2\20,51.2,0,0,Pakistan
Shahid Mahboob,1982-1984,10,10,540,8,382,7,1\23,77.1,0,0,Pakistan
Asif Iqbal,1973-1979,10,10,592,7,378,16,4\56,37,1,0,Pakistan
 Ata-ur-Rehman,1992-1996,30,30,1492,7,1186,27,3\27,55.2,0,0,Pakistan
 Jalal-ud-Din,1982-1983,8,7,306,7,211,14,4\32,21.8,1,0,Pakistan
Asad Ali,2013-2013,4,4,180,6,115,2,1\22,90,0,0,Pakistan
Ijaz Faqih,1980-1988,27,25,1116,6,819,13,4\43,85.8,1,0,Pakistan
Mohammad Akram,1995-2000,23,21,989,6,790,19,2\28,52,0,0,Pakistan
Shahid Nazir,1996-2000,17,17,810,6,649,19,3\14,42.6,0,0,Pakistan
Naseer Malik,1975-1975,3,3,180,5,98,5,2\37,36,0,0,Pakistan
Bilawal Bhatti,2013-2014,8,8,301,4,295,5,3\37,60.2,0,0,Pakistan
Kabir Khan,1994-2000,10,9,371,4,303,12,2\23,30.9,0,0,Pakistan
Liaqat Ali,1977-1978,3,3,188,4,111,2,1\41,94,0,0,Pakistan
Mohsin Kamal,1984-1989,19,19,881,4,760,21,4\47,41.9,1,0,Pakistan
Nadeem Ghauri,1990-1990,6,6,342,4,230,5,2\51,68.4,0,0,Pakistan
Zakir Khan,1984-1990,17,16,646,4,494,16,4\19,40.3,1,0,Pakistan
Aizaz Cheema,2011-2012,14,14,658,3,593,23,4\43,28.6,2,0,Pakistan
Azeem Hafeez,1983-1985,15,14,719,3,586,15,4\22,47.9,1,0,Pakistan
Hasan Jamil,1977-1978,6,5,232,3,154,8,3\18,29,0,0,Pakistan
Javed Miandad,1975-1996,233,12,436,3,297,7,2\22,62.2,0,0,Pakistan
Mohammad Nazir,1980-1984,4,4,222,3,156,3,2\37,74,0,0,Pakistan
Saeed Anwar,1989-2003,247,13,242,3,191,6,2\9,40.3,0,0,Pakistan
Aamer Hameed,1977-1978,2,2,88,2,38,1,1\32,88,0,0,Pakistan
Ashfaq Ahmed,1994-1994,3,3,102,2,84,0,0,0,0,0,Pakistan
Asif Mujtaba,1986-1996,66,28,756,2,658,7,2\38,108,0,0,Pakistan
 Fazl-e-Akbar,1998-2001,2,2,72,2,48,0,0,0,0,0,Pakistan
Imran Farhat,2001-2013,58,8,116,2,110,6,3\10,19.3,0,0,Pakistan
Intikhab Alam,1973-1976,4,4,158,2,118,4,2\36,39.5,0,0,Pakistan
Iqbal Sikander,1992-1992,4,4,210,2,147,3,1\30,70,0,0,Pakistan
Mansoor Akhtar,1980-1990,41,9,138,2,110,2,1\7,69,0,0,Pakistan
Mohammad Hussain,1997-1998,14,13,672,2,547,13,4\33,51.6,1,0,Pakistan
Naved Anjum,1984-1992,13,12,472,2,344,8,2\27,59,0,0,Pakistan
Pervez Mir,1975-1977,3,3,122,2,77,3,1\17,40.6,0,0,Pakistan
Saleem Altaf,1973-1978,6,6,285,2,151,5,2\7,57,0,0,Pakistan
Shoaib Mohammad,1984-1993,63,35,919,2,725,20,3\20,45.9,0,0,Pakistan
Yasir Arafat,2000-2009,11,10,414,2,373,4,1\28,103.5,0,0,Pakistan
Zafar Iqbal,1995-1995,8,7,198,2,137,3,2\37,66,0,0,Pakistan
Zaheer Abbas,1974-1985,62,12,280,2,223,7,2\26,40,0,0,Pakistan
Aamer Malik,1988-1994,24,5,120,1,86,3,2\35,40,0,0,Pakistan
Aamer Nazir,1993-1995,9,9,417,1,346,11,3\43,37.9,0,0,Pakistan
Abdur Rauf,2008-2008,4,4,214,1,212,8,3\24,26.7,0,0,Pakistan
Anwar Ali,2013-2014,5,5,148,1,137,3,2\24,49.3,0,0,Pakistan
Haafiz Shahid,1988-1988,3,3,127,1,112,3,2\56,42.3,0,0,Pakistan
Ijaz Ahmed,1986-2000,250,28,637,1,476,5,2\31,127.4,0,0,Pakistan
 Inzamam-ul-Haq,1991-2007,375,6,58,1,64,3,1\0,19.3,0,0,Pakistan
Junaid Zia,2003-2003,4,4,145,1,127,3,3\21,48.3,0,0,Pakistan
Mansoor Amjad,2008-2008,1,1,48,1,44,1,1\44,48,0,0,Pakistan
Mohammad Talha,2014-2014,3,3,122,1,146,4,2\22,30.5,0,0,Pakistan
Mujahid Jamshed,1997-1997,4,1,24,1,6,1,1\6,24,0,0,Pakistan
Najaf Shah,2007-2007,1,1,60,1,59,0,0,0,0,0,Pakistan
Sadiq Mohammad,1973-1980,19,2,38,1,26,2,2\20,19,0,0,Pakistan
Sajjad Akbar,1990-1990,2,1,60,1,45,2,2\45,30,0,0,Pakistan
Shahid Saeed,1989-1993,10,7,222,1,159,3,2\20,74,0,0,Pakistan
Sohail Khan,2008-2011,5,5,253,1,199,6,3\30,42.1,0,0,Pakistan
Wasim Haider,1992-1992,3,3,114,1,79,1,1\36,114,0,0,Pakistan
Younis Khan,2000-2013,253,19,272,1,271,3,1\3,90.6,0,0,Pakistan
Zahid Ahmed,1987-1987,2,2,96,1,61,3,2\24,32,0,0,Pakistan
Aamer Hanif,1993-1995,5,4,130,0,122,4,3\36,32.5,0,0,Pakistan
Ahmed Shehzad,2009-2014,45,2,15,0,20,0,0,0,0,0,Pakistan
Azhar Ali,2011-2013,14,3,48,0,41,0,0,0,0,0,Pakistan
Basit Ali,1993-1996,50,2,30,0,21,1,1\17,30,0,0,Pakistan
Bazid Khan,2004-2008,5,1,12,0,11,0,0,0,0,0,Pakistan
Ehsan Adil,2013-2013,2,2,60,0,49,1,1\32,60,0,0,Pakistan
Faisal Iqbal,2000-2006,18,2,18,0,33,0,0,0,0,0,Pakistan
Fawad Alam,2007-2014,29,11,374,0,344,4,1\8,93.5,0,0,Pakistan
Hammad Azam,2011-2012,8,6,150,0,126,2,1\21,75,0,0,Pakistan
Ijaz Ahmed jnr,1997-1997,2,2,30,0,25,1,1\9,30,0,0,Pakistan
Imran Nazir,1999-2009,79,4,49,0,48,1,1\3,49,0,0,Pakistan
Irfan Bhatti,1993-1993,1,1,48,0,22,2,2\22,24,0,0,Pakistan
Irfan Fazil,2000-2000,1,1,36,0,46,0,0,0,0,0,Pakistan
Kamran Hussain,2008-2008,2,2,102,0,67,3,2\32,34,0,0,Pakistan
Kashif Raza,2001-2001,1,1,30,0,36,1,1\36,30,0,0,Pakistan
Mansoor Rana,1990-1990,2,1,6,0,7,0,0,0,0,0,Pakistan
Manzoor Akhtar,1997-1998,7,6,199,0,184,5,4\50,39.8,1,0,Pakistan
Maqsood Rana,1990-1990,1,1,12,0,11,0,0,0,0,0,Pakistan
 Misbah-ul-Haq,2002-2014,146,1,24,0,30,0,0,0,0,0,Pakistan
Mohammad Khalil,2005-2005,3,3,144,0,144,5,2\55,28.8,0,0,Pakistan
Mohammad Yousuf,1998-2010,281,2,2,0,1,1,1\0,2,0,0,Pakistan
Mohsin Khan,1977-1986,75,2,12,0,5,1,1\2,12,0,0,Pakistan
Mushtaq Mohammad,1973-1978,10,2,42,0,23,0,0,0,0,0,Pakistan
Nadeem Khan,1993-1995,2,2,96,0,81,0,0,0,0,0,Pakistan
Naeem Ahmed,1978-1978,1,1,60,0,43,0,0,0,0,0,Pakistan
Naeem Ashraf,1995-1995,2,2,42,0,52,0,0,0,0,0,Pakistan
Naved Latif,2001-2003,11,3,48,0,51,0,0,0,0,0,Pakistan
Rahat Ali,2012-2012,1,1,24,0,34,0,0,0,0,0,Pakistan
Rameez Raja,1985-1997,198,1,6,0,10,0,0,0,0,0,Pakistan
Rizwan Ahmed,2008-2008,1,1,24,0,26,0,0,0,0,0,Pakistan
Saadat Ali,1984-1984,8,2,27,0,29,2,2\24,13.5,0,0,Pakistan
Saleem Elahi,1995-2004,48,1,6,0,10,0,0,0,0,0,Pakistan
Salman Butt,2004-2010,78,6,69,0,90,0,0,0,0,0,Pakistan
Samiullah Khan,2008-2008,2,2,120,0,115,0,0,0,0,0,Pakistan
Shakeel Khan,1987-1987,1,1,54,0,50,1,1\50,54,0,0,Pakistan
Sohaib Maqsood,2013-2014,14,2,18,0,18,0,0,0,0,0,Pakistan
Sohail Fazal,1989-1989,2,1,6,0,4,0,0,0,0,0,Pakistan
Tanvir Ahmed,2011-2011,2,2,60,0,83,2,1\38,30,0,0,Pakistan
Tanvir Mehdi,1992-1992,1,1,66,0,72,1,1\72,66,0,0,Pakistan
Taufeeq Umar,2001-2011,22,3,72,0,85,1,1\49,72,0,0,Pakistan
Umar Amin,2010-2013,14,2,30,0,18,0,0,0,0,0,Pakistan
Wajahatullah Wasti,1999-2000,15,3,55,0,69,3,3\36,18.3,0,0,Pakistan
Yasir Hameed,2003-2007,56,3,18,0,26,0,0,0,0,0,Pakistan
Yasir Shah,2011-2011,1,1,60,0,51,2,2\51,30,0,0,Pakistan
Adnan Akmal,2011-2012,5,0,0,0,0,0,0,0,0,0,Pakistan
Akhtar Sarfraz,1997-1998,4,0,0,0,0,0,0,0,0,0,Pakistan
Anil Dalpat,1984-1986,15,0,0,0,0,0,0,0,0,0,Pakistan
Arshad Pervez,1978-1978,2,0,0,0,0,0,0,0,0,0,Pakistan
Asad Shafiq,2010-2013,46,0,0,0,0,0,0,0,0,0,Pakistan
Ashraf Ali,1980-1985,16,0,0,0,0,0,0,0,0,0,Pakistan
Asif Mahmood,1998-1998,2,0,0,0,0,0,0,0,0,0,Pakistan
 Atiq-uz-Zaman,2000-2000,3,0,0,0,0,0,0,0,0,0,Pakistan
Azam Khan,1996-1998,6,0,0,0,0,0,0,0,0,0,Pakistan
Azmat Rana,1978-1978,2,0,0,0,0,0,0,0,0,0,Pakistan
Faisal Athar,2003-2003,1,0,0,0,0,0,0,0,0,0,Pakistan
Ghulam Ali,1993-1995,3,0,0,0,0,0,0,0,0,0,Pakistan
Haris Sohail,2013-2013,4,0,0,0,0,0,0,0,0,0,Pakistan
Haroon Rasheed,1977-1982,12,0,0,0,0,0,0,0,0,0,Pakistan
Hasan Raza,1996-1999,16,0,0,0,0,0,0,0,0,0,Pakistan
Humayun Farhat,2001-2001,5,0,0,0,0,0,0,0,0,0,Pakistan
Imran Abbas,2000-2000,2,0,0,0,0,0,0,0,0,0,Pakistan
Javed Qadeer,1995-1995,1,0,0,0,0,0,0,0,0,0,Pakistan
Kamran Akmal,2002-2013,154,0,0,0,0,0,0,0,0,0,Pakistan
Khalid Latif,2008-2010,5,0,0,0,0,0,0,0,0,0,Pakistan
Khurram Manzoor,2008-2009,7,0,0,0,0,0,0,0,0,0,Pakistan
Mahmood Hamid,1995-1995,1,0,0,0,0,0,0,0,0,0,Pakistan
Masood Iqbal,1984-1984,1,0,0,0,0,0,0,0,0,0,Pakistan
Mohammad Salman,2011-2011,7,0,0,0,0,0,0,0,0,0,Pakistan
Mohammad Wasim,1996-2000,25,0,0,0,0,0,0,0,0,0,Pakistan
 Moin-ul-Atiq,1988-1989,5,0,0,0,0,0,0,0,0,0,Pakistan
Moin Khan,1990-2004,219,0,0,0,0,0,0,0,0,0,Pakistan
 Nasim-ul-Ghani,1973-1973,1,0,0,0,0,0,0,0,0,0,Pakistan
Nasir Jamshed,2008-2013,43,0,0,0,0,0,0,0,0,0,Pakistan
 Naumanullah,2008-2008,1,0,0,0,0,0,0,0,0,0,Pakistan
Qasim Umar,1983-1987,31,0,0,0,0,0,0,0,0,0,Pakistan
Rashid Latif,1992-2003,166,0,0,0,0,0,0,0,0,0,Pakistan
 Rizwan-uz-Zaman,1981-1987,3,0,0,0,0,0,0,0,0,0,Pakistan
Saeed Azad,1995-1996,4,0,0,0,0,0,0,0,0,0,Pakistan
Sajid Ali,1984-1997,13,0,0,0,0,0,0,0,0,0,Pakistan
Saleem Pervez,1980-1980,1,0,0,0,0,0,0,0,0,0,Pakistan
Saleem Yousuf,1982-1990,86,0,0,0,0,0,0,0,0,0,Pakistan
Sarfraz Ahmed,2007-2013,26,0,0,0,0,0,0,0,0,0,Pakistan
Shadab Kabir,1996-1996,3,0,0,0,0,0,0,0,0,0,Pakistan
Shafiq Ahmed,1977-1978,3,0,0,0,0,0,0,0,0,0,Pakistan
Shahid Anwar,1996-1996,1,0,0,0,0,0,0,0,0,0,Pakistan
Shahzaib Hasan,2010-2010,3,0,0,0,0,0,0,0,0,0,Pakistan
Shakeel Ahmed jnr,1995-1995,2,0,0,0,0,0,0,0,0,0,Pakistan
Sharjeel Khan,2013-2014,9,0,0,0,0,0,0,0,0,0,Pakistan
Taslim Arif,1980-1980,2,0,0,0,0,0,0,0,0,0,Pakistan
Umar Akmal,2009-2014,94,0,0,0,0,0,0,0,0,0,Pakistan
Usman Salahuddin,2011-2011,2,0,0,0,0,0,0,0,0,0,Pakistan
Wasim Bari,1973-1984,51,0,0,0,0,0,0,0,0,0,Pakistan
Younis Ahmed,1987-1987,2,0,0,0,0,0,0,0,0,0,Pakistan
Zahid Fazal,1990-1994,19,0,0,0,0,0,0,0,0,0,Pakistan
Zahoor Elahi,1996-1997,14,0,0,0,0,0,0,0,0,0,Pakistan
 Zulqarnain,1985-1989,16,0,0,0,0,0,0,0,0,0,Pakistan
Zulqarnain Haider,2010-2010,4,0,0,0,0,0,0,0,0,0,Pakistan
SM Pollock,1996-2008,294,291,2571.4,308,9409,387,6\35,39.8,12,5,South Africa
M Ntini,1998-2009,172,170,1440.5,123,6501,265,6\22,32.6,8,4,South Africa
AA Donald,1991-2003,164,162,1426.5,101,5926,272,6\23,31.4,11,2,South Africa
PS de Villiers,1992-1997,83,82,737,86,2636,95,4\27,46.5,2,0,South Africa
JH Kallis,1996-2013,320,279,1773,77,8568,269,5\30,39.5,2,2,South Africa
A Nel,2001-2008,79,76,633.3,58,2935,106,5\45,35.8,3,1,South Africa
CR Matthews,1991-1997,56,55,500.3,53,1975,79,4\10,38,3,0,South Africa
DW Steyn,2006-2013,77,76,644.2,49,3094,121,6\39,31.9,3,3,South Africa
L Klusener,1996-2004,171,164,1222.4,46,5751,192,6\49,38.2,1,6,South Africa
LL Tsotsobe,2009-2013,61,60,494,44,2347,94,4\22,31.5,7,0,South Africa
WJ Cronje,1992-2000,188,153,892.5,33,3966,114,5\32,46.9,1,1,South Africa
CK Langeveldt,2001-2010,72,71,581.3,29,2962,100,5\39,34.8,1,2,South Africa
RP Snell,1991-1996,42,42,349.1,25,1574,44,5\40,47.6,2,1,South Africa
PL Symcox,1993-1999,80,80,665.1,25,2762,72,4\28,55.4,1,0,South Africa
R Telemachus,1998-2006,37,37,319.4,23,1565,56,4\43,34.2,1,0,South Africa
N Boje,1995-2005,113,106,742.5,21,3351,95,5\21,46.9,2,1,South Africa
EO Simons,1994-1995,23,23,202,21,810,33,4\42,36.7,1,0,South Africa
RJ Peterson,2002-2013,77,72,532.1,14,2604,70,4\12,45.6,2,0,South Africa
R McLaren,2009-2013,40,38,296.3,13,1519,54,4\19,32.9,4,0,South Africa
JA Morkel,2004-2012,56,50,329.3,13,1786,47,4\29,42,2,0,South Africa
WD Parnell,2009-2013,33,31,251.1,13,1389,45,5\48,33.4,1,2,South Africa
MW Pringle,1992-1994,17,17,145,12,604,22,4\11,39.5,1,0,South Africa
PR Adams,1996-2003,24,23,184.5,7,815,29,3\26,38.2,0,0,South Africa
M Zondeki,2002-2008,11,11,84,7,440,11,2\40,45.8,0,0,South Africa
JP Duminy,2004-2013,115,70,295,6,1453,35,3\31,50.5,0,0,South Africa
Imran Tahir,2011-2013,13,12,102.3,6,446,26,4\38,23.6,3,0,South Africa
RK Kleinveldt,2013-2013,10,10,85.3,6,448,12,4\22,42.7,1,0,South Africa
DN Crookes,1994-2000,32,30,203.3,5,1011,25,3\30,48.8,0,0,South Africa
M Hayward,1998-2002,21,21,165.3,5,858,21,4\31,47.2,1,0,South Africa
PL Harris,2008-2008,3,3,30,4,83,3,2\30,60,0,0,South Africa
CE Eksteen,1991-1994,6,6,37,3,181,2,1\26,111,0,0,South Africa
JL Ontong,2001-2012,27,16,89.4,3,396,9,3\30,59.7,0,0,South Africa
TG Shaw,1991-1994,9,9,84,3,298,9,2\19,56,0,0,South Africa
DJ Callaghan,1992-2000,29,19,74,2,365,10,3\32,44.4,0,0,South Africa
CW Henderson,2001-2001,4,4,36.1,2,132,7,4\17,31,1,0,South Africa
DJ Terbrugge,2000-2000,4,4,21,2,105,4,4\20,31.5,1,0,South Africa
MS Tshabalala,2007-2007,4,4,25,2,151,3,1\30,50,0,0,South Africa
RE vander Merwe,2009-2010,13,13,117.3,2,561,17,3\27,41.4,0,0,South Africa
JJ vander Wath,2006-2007,10,10,87.4,2,551,13,2\21,40.4,0,0,South Africa
CJPG van Zyl,1992-1992,2,2,18,2,93,0,0,0,0,0,South Africa
HS Williams,1999-2000,7,7,54.5,2,228,9,3\38,36.5,0,0,South Africa
CM Willoughby,2000-2003,3,3,28,2,148,2,2\39,84,0,0,South Africa
F Behardien,2013-2013,11,7,25,1,124,6,3\19,25,0,0,South Africa
DM Benkenstein,1998-2002,23,4,10.5,1,44,4,3\5,16.2,0,0,South Africa
RE Bryson,1997-1997,7,7,63,1,323,7,2\34,54,0,0,South Africa
M de Lange,2012-2012,1,1,9,1,46,4,4\46,13.5,1,0,South Africa
D Elgar,2012-2012,5,4,16,1,67,2,1\11,48,0,0,South Africa
G Kirsten,1993-2003,185,3,5,1,23,0,0,0,0,0,South Africa
PN Kirsten,1991-1994,40,8,30.3,1,152,6,3\31,30.5,0,0,South Africa
GJP Kruger,2006-2006,3,3,23,1,139,2,1\43,69,0,0,South Africa
J Louw,2008-2008,3,3,26,1,148,2,1\45,78,0,0,South Africa
CH Morris,2013-2013,5,5,35,1,211,6,2\25,35,0,0,South Africa
PV Mpitsang,1999-1999,2,2,10,1,63,2,2\49,30,0,0,South Africa
BN Schultz,1992-1992,1,1,9,1,35,1,1\35,54,0,0,South Africa
M van Jaarsveld,2002-2004,11,2,5.1,1,18,2,1\0,15.5,0,0,South Africa
KJ Abbott,2013-2013,2,2,14.2,0,66,1,1\35,86,0,0,South Africa
S Abrahams,2000-2000,1,1,10,0,40,0,0,0,0,0,South Africa
AM Bacher,1997-2005,13,3,18,0,64,3,2\36,36,0,0,South Africa
GH Bodi,2007-2007,2,1,1,0,8,0,0,0,0,0,South Africa
T Bosch,1992-1992,2,2,8.3,0,66,0,0,0,0,0,South Africa
DJ Cullinan,1993-2000,138,9,29,0,124,5,2\30,34.8,0,0,South Africa
F du Plessis,2011-2013,47,9,25,0,142,2,1\8,75,0,0,South Africa
O Henry,1992-1992,3,3,24.5,0,125,2,1\31,74.5,0,0,South Africa
AC Hudson,1991-1997,89,1,1,0,3,0,0,0,0,0,South Africa
CA Ingram,2010-2013,31,1,1,0,17,0,0,0,0,0,South Africa
SD Jack,1994-1995,2,2,18,0,86,3,2\41,36,0,0,South Africa
JC Kent,2002-2002,2,2,8,0,57,0,0,0,0,0,South Africa
AP Kuiper,1991-1996,25,19,98,0,518,18,3\33,32.6,0,0,South Africa
ND McKenzie,2000-2009,64,5,7.4,0,27,0,0,0,0,0,South Africa
AN Petersen,2006-2013,21,1,1,0,7,0,0,0,0,0,South Africa
AM Phangiso,2013-2013,5,5,46,0,243,4,1\48,69,0,0,South Africa
AG Prince,2002-2007,49,1,2,0,3,0,0,0,0,0,South Africa
JN Rhodes,1992-2003,245,2,2.2,0,4,0,0,0,0,0,South Africa
CEB Rice,1991-1991,3,3,23,0,114,2,1\46,69,0,0,South Africa
MJR Rindel,1994-1999,22,12,45,0,242,6,2\15,45,0,0,South Africa
JA Rudolph,2003-2006,43,1,4,0,26,0,0,0,0,0,South Africa
DB Rundle,1994-1994,2,2,16,0,95,5,4\42,19.2,1,0,South Africa
GC Smith,2002-2013,196,43,171,0,951,18,3\30,57,0,0,South Africa
PC Strydom,2000-2000,10,7,42,0,206,2,1\18,126,0,0,South Africa
J Theron,2010-2010,4,4,32.2,0,173,12,5\44,16.1,0,1,South Africa
KC Wessels,1991-1994,55,1,2,0,11,0,0,0,0,0,South Africa
HM Amla,2008-2013,85,0,0,0,0,0,0,0,0,0,South Africa
LE Bosman,2006-2010,13,0,0,0,0,0,0,0,0,0,South Africa
MV Boucher,1998-2011,290,0,0,0,0,0,0,0,0,0,South Africa
SJ Cook,1991-1993,4,0,0,0,0,0,0,0,0,0,South Africa
H Davids,2013-2013,2,0,0,0,0,0,0,0,0,0,South Africa
Q de Kock,2013-2013,16,0,0,0,0,0,0,0,0,0,South Africa
AB de Villiers,2005-2013,154,0,0,0,0,0,0,0,0,0,South Africa
HH Dippenaar,1999-2006,101,0,0,0,0,0,0,0,0,0,South Africa
HH Gibbs,1996-2010,248,0,0,0,0,0,0,0,0,0,South Africa
LJ Koen,1997-2000,5,0,0,0,0,0,0,0,0,0,South Africa
GFJ Liebenberg,1995-1998,4,0,0,0,0,0,0,0,0,0,South Africa
DA Miller,2010-2013,40,0,0,0,0,0,0,0,0,0,South Africa
SJ Palframan,1996-1996,7,0,0,0,0,0,0,0,0,0,South Africa
N Pothas,2000-2000,3,0,0,0,0,0,0,0,0,0,South Africa
AG Puttick,2005-2005,1,0,0,0,0,0,0,0,0,0,South Africa
DJ Richardson,1991-1998,122,0,0,0,0,0,0,0,0,0,South Africa
MW Rushmere,1992-1992,4,0,0,0,0,0,0,0,0,0,South Africa
ELR Stewart,1993-2002,6,0,0,0,0,0,0,0,0,0,South Africa
PJR Steyn,1995-1995,1,0,0,0,0,0,0,0,0,0,South Africa
VB van Jaarsveld,2009-2009,2,0,0,0,0,0,0,0,0,0,South Africa
MN van Wyk,2003-2011,13,0,0,0,0,0,0,0,0,0,South Africa
M Yachad,1991-1991,1,0,0,0,0,0,0,0,0,0,South Africa
WPUJC Vaas,1994-2008,321,319,2620.1,278,10955,399,8\19,39.4,9,4,Sri Lanka
M Muralitharan,1993-2011,343,334,3072.1,195,12066,523,7\30,35.2,15,10,Sri Lanka
KMDN Kulasekara,2003-2014,147,145,1131.5,94,5307,161,5\22,42.1,3,1,Sri Lanka
SL Malinga,2004-2014,166,160,1333.1,78,6879,256,6\38,31.2,8,7,Sri Lanka
DNT Zoysa,1997-2007,95,93,709.5,61,3213,108,5\26,39.4,2,1,Sri Lanka
CRD Fernando,2001-2012,146,140,1074.3,53,5612,183,6\27,35.2,2,1,Sri Lanka
GP Wickramasinghe,1990-2002,134,132,953.2,49,4321,109,4\48,52.4,1,0,Sri Lanka
MF Maharoof,2004-2012,104,101,738.2,48,3565,133,6\14,33.3,4,2,Sri Lanka
ALF de Mel,1982-1987,57,57,455.5,47,2237,59,5\32,46.3,1,2,Sri Lanka
ST Jayasuriya,1989-2011,441,365,2458,45,11737,320,6\29,46,8,4,Sri Lanka
VB John,1982-1987,45,45,385.1,44,1655,34,3\28,67.9,0,0,Sri Lanka
CPH Ramanayake,1986-1995,62,62,477.2,43,2049,68,4\17,42.1,1,0,Sri Lanka
HDPK Dharmasena,1994-2004,141,134,1168.1,40,4998,138,4\37,50.7,1,0,Sri Lanka
AD Mathews,2008-2014,121,98,578,36,2602,73,6\20,47.5,1,1,Sri Lanka
RJ Ratnayake,1982-1993,70,70,595.5,35,2712,76,5\32,47,1,1,Sri Lanka
NLTC Perera,2009-2014,75,70,477.1,21,2605,94,6\44,30.4,2,3,Sri Lanka
A Ranatunga,1982-1999,269,135,785,21,3757,79,4\14,59.6,1,0,Sri Lanka
UDU Chandana,1994-2007,147,136,1023.4,20,4818,151,5\61,40.6,4,1,Sri Lanka
RS Kalpage,1992-1999,86,81,660,20,2975,73,4\36,54.2,2,0,Sri Lanka
GF Labrooy,1986-1992,44,44,384.4,18,1876,45,5\57,51.2,1,1,Sri Lanka
T Thushara,2008-2010,38,38,279.2,17,1393,50,5\47,33.5,0,1,Sri Lanka
SD Anurasiri,1986-1994,45,43,350,14,1464,32,3\40,65.6,0,0,Sri Lanka
HMRKB Herath,2004-2013,55,51,408.1,14,1741,54,4\20,45.3,1,0,Sri Lanka
RAS Lakmal,2009-2014,25,24,194.2,13,1081,35,3\22,33.3,0,0,Sri Lanka
KR Pushpakumara,1994-1999,31,31,238.2,12,1181,24,3\25,59.5,0,0,Sri Lanka
PDRL Perera,1999-2007,19,19,148,11,820,19,3\23,46.7,0,0,Sri Lanka
KSC de Silva,1996-2000,38,37,269.5,10,1323,52,3\18,31.1,0,0,Sri Lanka
UC Hathurusingha,1992-1999,35,25,159,9,709,14,4\57,68.1,1,0,Sri Lanka
RP Arnold,1997-2007,180,84,359.3,8,1739,40,3\47,53.9,0,0,Sri Lanka
EAR de Silva,1986-1992,28,28,229,8,967,17,3\38,80.8,0,0,Sri Lanka
AP Gurusinha,1985-1996,147,55,264.1,8,1354,26,2\25,60.9,0,0,Sri Lanka
KIW Wijegunawardene,1988-1992,26,25,197.4,8,986,25,4\49,47.4,1,0,Sri Lanka
KN Amalean,1986-1988,8,8,53,7,207,9,4\46,35.3,1,0,Sri Lanka
TCB Fernando,2001-2003,17,17,116.4,7,586,15,5\67,46.6,0,1,Sri Lanka
KS Lokuarachchi,2003-2007,21,21,168.3,7,725,31,4\44,32.6,1,0,Sri Lanka
SMSM Senanayake,2012-2014,28,26,230,7,1079,27,3\41,51.1,0,0,Sri Lanka
MKDI Amerasinghe,2007-2008,8,8,71,6,363,9,3\44,47.3,0,0,Sri Lanka
PW Gunaratne,2002-2003,23,23,159.5,6,908,27,4\44,35.5,1,0,Sri Lanka
RAP Nissanka,2001-2003,23,23,166.1,6,857,27,4\12,36.9,1,0,Sri Lanka
KEA Upashantha,1995-2001,12,12,94,6,481,12,4\37,47,1,0,Sri Lanka
K Weeraratne,2000-2008,15,14,80,6,385,6,3\46,80,0,0,Sri Lanka
S Randiv,2009-2011,28,26,211.3,5,1008,33,5\42,38.4,0,1,Sri Lanka
DK Liyanage,1992-2001,16,16,107,5,510,10,3\49,64.2,0,0,Sri Lanka
S Prasanna,2011-2013,12,12,99.2,5,496,11,3\32,54.1,0,0,Sri Lanka
UWMBCA Welegedara,2009-2010,10,9,76.1,5,433,15,5\66,30.4,0,1,Sri Lanka
KHRK Fernando,2002-2006,7,7,39,4,159,6,3\12,39,0,0,Sri Lanka
SHU Karnain,1984-1990,19,14,105.5,4,505,16,5\26,39.6,0,1,Sri Lanka
MAWR Madurasinghe,1988-1992,12,11,80,4,358,5,1\11,96,0,0,Sri Lanka
HMCM Bandara,2006-2010,31,28,245,3,1232,36,4\31,40.8,2,0,Sri Lanka
GRA de Silva,1975-1982,6,6,50.5,3,262,9,3\41,33.8,0,0,Sri Lanka
LHD Dilhara,2005-2013,9,8,55,3,261,6,2\30,55,0,0,Sri Lanka
RMS Eranga,2011-2013,13,12,80.2,3,447,16,3\46,30.1,0,0,Sri Lanka
AMN Munasinghe,1994-1996,5,5,36.1,3,146,4,3\30,54.2,0,0,Sri Lanka
KTGD Prasad,2006-2014,13,13,100.1,3,546,21,3\17,28.6,0,0,Sri Lanka
AN Ranasinghe,1975-1982,9,8,54,3,281,2,1\21,162,0,0,Sri Lanka
MAR Samarasekera,1983-1994,39,11,56.2,3,291,0,0,0,0,0,Sri Lanka
KPJ Warnaweera,1990-1993,6,6,49,3,200,6,2\24,49,0,0,Sri Lanka
DLS de Silva,1979-1979,2,2,20,2,54,2,2\36,60,0,0,Sri Lanka
PC de Silva,2014-2014,5,5,43.4,2,188,5,2\29,52.4,0,0,Sri Lanka
KADM Fernando,2003-2003,1,1,7,2,13,2,2\13,21,0,0,Sri Lanka
IS Gallage,1999-2001,3,3,24,2,115,3,2\42,48,0,0,Sri Lanka
D Gamage,2003-2003,3,3,15.5,2,83,2,1\26,47.5,0,0,Sri Lanka
JC Gamage,1995-1995,4,4,22,2,104,3,2\17,44,0,0,Sri Lanka
S Jeganathan,1983-1988,5,5,46,2,208,5,2\45,55.2,0,0,Sri Lanka
LWS Kaluperuma,1975-1982,4,4,34.4,2,137,2,1\35,104,0,0,Sri Lanka
MKGCP Lakshitha,2002-2003,7,7,50,2,254,8,2\34,37.5,0,0,Sri Lanka
ASA Perera,1998-2001,20,18,96.3,2,522,13,2\25,44.5,0,0,Sri Lanka
TT Samaraweera,1998-2011,53,17,117,2,542,11,3\34,63.8,0,0,Sri Lanka
B Warnapura,1975-1982,12,9,69,2,316,8,3\42,51.7,0,0,Sri Lanka
JWHD Boteju,1999-1999,2,2,17,1,113,0,0,0,0,0,Sri Lanka
GN de Silva,1983-1985,4,4,32.2,1,169,0,0,0,0,0,Sri Lanka
FRMD Gunatilleke,1979-1979,1,1,9,1,34,0,0,0,0,0,Sri Lanka
PS Jayaprakashdaran,2005-2005,1,1,6,1,21,1,1\21,36,0,0,Sri Lanka
DPMD Jayawardene,1998-2014,407,26,94.4,1,539,7,2\56,81.1,0,0,Sri Lanka
SHT Kandamby,2004-2011,38,9,29,1,173,2,2\37,87,0,0,Sri Lanka
BMAJ Mendis,2010-2013,39,32,157.5,1,781,23,3\15,41.1,0,0,Sri Lanka
ARM Opatha,1975-1979,5,5,42.1,1,180,5,3\31,50.6,0,0,Sri Lanka
LPC Silva,1999-2011,75,2,7,1,33,1,1\21,42,0,0,Sri Lanka
HP Tillakaratne,1986-2003,200,15,30,1,141,6,1\3,30,0,0,Sri Lanka
RGCE Wijesuriya,1982-1985,8,8,52,1,287,8,2\25,39,0,0,Sri Lanka
FS Ahangama,1985-1985,1,1,3,0,23,0,0,0,0,0,Sri Lanka
MS Atapattu,1990-2007,268,2,8.3,0,41,0,0,0,0,0,Sri Lanka
MRCN Bandaratilleke,1998-1998,3,3,24,0,111,2,2\34,72,0,0,Sri Lanka
RL Dias,1979-1987,58,6,9.2,0,70,3,3\25,18.6,0,0,Sri Lanka
N Pradeep,2012-2012,2,2,18,0,115,3,2\63,36,0,0,Sri Lanka
TL Fernando,1989-1989,1,1,3,0,16,1,1\16,18,0,0,Sri Lanka
WCA Ganegama,2001-2006,4,3,11,0,88,2,2\27,33,0,0,Sri Lanka
Y Goonasekera,1983-1983,3,2,6,0,35,1,1\24,36,0,0,Sri Lanka
WS Jayantha,2004-2004,17,6,9.1,0,46,0,0,0,0,0,Sri Lanka
SMS Kaluperuma,1988-1988,2,1,1,0,3,0,0,0,0,0,Sri Lanka
CK Kapugedera,2006-2012,92,10,44,0,225,2,1\24,132,0,0,Sri Lanka
FDM Karunaratne,2011-2013,6,1,1.4,0,11,0,0,0,0,0,Sri Lanka
CKB Kulasekara,2011-2012,4,4,13,0,80,0,0,0,0,0,Sri Lanka
RS Madugalle,1979-1988,63,1,0.4,0,1,0,0,0,0,0,Sri Lanka
RS Mahanama,1986-1999,213,2,0.2,0,7,0,0,0,0,0,Sri Lanka
J Mubarak,2002-2013,40,8,21.3,0,95,2,1\10,64.5,0,0,Sri Lanka
SP Pasqual,1979-1979,2,1,4.4,0,20,0,0,0,0,0,Sri Lanka
AK Perera,2013-2014,3,1,3,0,17,0,0,0,0,0,Sri Lanka
KG Perera,1986-1986,1,1,2,0,15,0,0,0,0,0,Sri Lanka
MDK Perera,2007-2008,4,2,7,0,28,1,1\17,42,0,0,Sri Lanka
HSM Pieris,1975-1975,3,3,22,0,135,2,2\68,66,0,0,Sri Lanka
SMA Priyanjan,2013-2014,7,4,15,0,75,3,2\11,30,0,0,Sri Lanka
M Pushpakumara,2009-2010,3,1,5,0,21,0,0,0,0,0,Sri Lanka
SK Ranasinghe,1986-1986,4,4,21,0,96,3,1\28,42,0,0,Sri Lanka
N Ranatunga,1993-1993,2,2,17,0,82,1,1\33,102,0,0,Sri Lanka
NLK Ratnayake,1989-1990,2,2,16.5,0,98,2,1\39,50.5,0,0,Sri Lanka
KJ Silva,1995-1995,1,1,8,0,55,0,0,0,0,0,Sri Lanka
HDRL Thirimanne,2010-2014,62,2,8.2,0,41,1,1\25,50,0,0,Sri Lanka
I Udana,2012-2012,2,2,12,0,84,0,0,0,0,0,Sri Lanka
KDK Vithanage,2013-2014,5,1,1,0,10,0,0,0,0,0,Sri Lanka
AP Weerakkody,1994-1994,1,1,6,0,41,0,0,0,0,0,Sri Lanka
S Weerakoon,2012-2012,2,1,10,0,49,1,1\49,60,0,0,Sri Lanka
S Wettimuny,1982-1987,35,6,9.3,0,70,1,1\13,57,0,0,Sri Lanka
LD Chandimal,2010-2014,80,0,0,0,0,0,0,0,0,0,Sri Lanka
A Dananjaya,2012-2012,1,0,0,0,0,0,0,0,0,0,Sri Lanka
PB Dassanayake,1993-1994,16,0,0,0,0,0,0,0,0,0,Sri Lanka
RG de Alwis,1983-1988,31,0,0,0,0,0,0,0,0,0,Sri Lanka
SI de Saram,1999-2001,15,0,0,0,0,0,0,0,0,0,Sri Lanka
AM de Silva,1986-1993,4,0,0,0,0,0,0,0,0,0,Sri Lanka
SKL de Silva,1997-1997,11,0,0,0,0,0,0,0,0,0,Sri Lanka
 Dunusinghe,1995-1995,1,0,0,0,0,0,0,0,0,0,Sri Lanka
ER Fernando,1975-1975,3,0,0,0,0,0,0,0,0,0,Sri Lanka
ERNS Fernando,1983-1983,7,0,0,0,0,0,0,0,0,0,Sri Lanka
UNK Fernando,1994-1994,2,0,0,0,0,0,0,0,0,0,Sri Lanka
HM Goonatilleke,1982-1982,6,0,0,0,0,0,0,0,0,0,Sri Lanka
AAW Gunawardena,1994-1994,1,0,0,0,0,0,0,0,0,0,Sri Lanka
DA Gunawardene,1998-2006,61,0,0,0,0,0,0,0,0,0,Sri Lanka
PD Heyn,1975-1975,2,0,0,0,0,0,0,0,0,0,Sri Lanka
RSA Jayasekera,1982-1982,2,0,0,0,0,0,0,0,0,0,Sri Lanka
SA Jayasinghe,1979-1979,2,0,0,0,0,0,0,0,0,0,Sri Lanka
HAPW Jayawardene,2003-2007,6,0,0,0,0,0,0,0,0,0,Sri Lanka
RS Kaluwitharana,1990-2004,189,0,0,0,0,0,0,0,0,0,Sri Lanka
DSBP Kuruppu,1983-1990,54,0,0,0,0,0,0,0,0,0,Sri Lanka
LRD Mendis,1975-1989,79,0,0,0,0,0,0,0,0,0,Sri Lanka
MC Mendis,1995-1995,1,0,0,0,0,0,0,0,0,0,Sri Lanka
MN Nawaz,1998-2002,3,0,0,0,0,0,0,0,0,0,Sri Lanka
MDKJ Perera,2013-2014,27,0,0,0,0,0,0,0,0,0,Sri Lanka
D Ranatunga,1990-1990,4,0,0,0,0,0,0,0,0,0,Sri Lanka
S Ranatunga,1994-1996,13,0,0,0,0,0,0,0,0,0,Sri Lanka
DP Samaraweera,1993-1994,5,0,0,0,0,0,0,0,0,0,Sri Lanka
KC Sangakkara,2000-2014,362,0,0,0,0,0,0,0,0,0,Sri Lanka
CP Senanayake,1990-1991,7,0,0,0,0,0,0,0,0,0,Sri Lanka
SAR Silva,1984-1985,20,0,0,0,0,0,0,0,0,0,Sri Lanka
APB Tennekoon,1975-1979,4,0,0,0,0,0,0,0,0,0,Sri Lanka
WU Tharanga,2005-2013,170,0,0,0,0,0,0,0,0,0,Sri Lanka
MH Tissera,1975-1975,3,0,0,0,0,0,0,0,0,0,Sri Lanka
ML Udawatte,2008-2008,9,0,0,0,0,0,0,0,0,0,Sri Lanka
MG Vandort,2006-2006,1,0,0,0,0,0,0,0,0,0,Sri Lanka
DM Vonhagt,1985-1985,1,0,0,0,0,0,0,0,0,0,Sri Lanka
SM Warnapura,2007-2008,3,0,0,0,0,0,0,0,0,0,Sri Lanka
MD Wettimuny,1983-1983,1,0,0,0,0,0,0,0,0,0,Sri Lanka
SRD Wettimuny,1975-1979,3,0,0,0,0,0,0,0,0,0,Sri Lanka
RPAH Wickramaratne,1993-1993,3,0,0,0,0,0,0,0,0,0,Sri Lanka
AGD Wickremasinghe,1992-1993,4,0,0,0,0,0,0,0,0,0,Sri Lanka
CEL Ambrose,1988-2000,176,175,9353,192,5429,225,5\17,41.5,6,4,West Indies
CA Walsh,1985-2000,205,204,10822,185,6918,227,5\1,47.6,6,1,West Indies
J Garner,1977-1987,98,98,5330,141,2752,146,5\31,36.5,2,3,West Indies
MD Marshall,1980-1992,136,134,7175,122,4233,157,4\18,45.7,6,0,West Indies
MA Holding,1976-1987,102,102,5473,99,3034,142,5\26,38.5,5,1,West Indies
AME Roberts,1975-1983,56,56,3123,76,1771,87,5\22,35.8,2,1,West Indies
M Dillon,1997-2005,108,107,5480,70,4218,130,5\29,42.1,3,3,West Indies
WKM Benjamin,1986-1995,85,85,4442,58,3079,100,5\22,44.4,0,1,West Indies
CL Hooper,1987-2003,227,203,9573,53,6958,193,4\34,49.6,3,0,West Indies
IR Bishop,1988-1997,84,83,4332,49,3127,118,5\25,36.7,7,2,West Indies
RA Harper,1983-1996,105,99,5175,47,3431,100,4\40,51.7,3,0,West Indies
CD Collymore,1999-2007,84,80,4074,45,2924,83,5\51,49,1,1,West Indies
CE Cuffy,1994-2002,41,41,2153,41,1436,41,4\24,52.5,1,0,West Indies
RD King,1998-2005,50,50,2603,41,1807,76,4\25,34.2,2,0,West Indies
DJG Sammy,2004-2014,111,107,4548,40,3459,77,4\26,59,1,0,West Indies
IDR Bradshaw,2004-2007,62,62,3172,38,2299,78,3\15,40.6,0,0,West Indies
CH Gayle,1999-2013,252,181,6985,38,5498,157,5\46,44.4,3,1,West Indies
PV Simmons,1987-1999,143,103,3880,38,2876,83,4\3,46.7,2,0,West Indies
DJ Bravo,2004-2014,158,145,6319,37,5680,191,6\43,33,5,1,West Indies
BP Patterson,1986-1993,59,58,3050,37,2206,90,6\29,33.8,1,1,West Indies
KAJ Roach,2008-2013,61,60,3067,37,2517,94,6\27,32.6,2,3,West Indies
DBL Powell,2002-2009,55,55,2850,35,2239,71,4\27,40.1,2,0,West Indies
WW Davis,1983-1988,35,35,1923,31,1302,39,7\51,49.3,0,1,West Indies
JE Taylor,2003-2010,66,64,3280,31,2629,98,5\48,33.4,3,1,West Indies
EAE Baptiste,1983-1990,43,43,2214,30,1511,36,2\10,61.5,0,0,West Indies
SP Narine,2011-2014,49,49,2662,30,1861,69,5\27,38.5,4,1,West Indies
R Rampaul,2003-2014,85,81,3717,29,3168,105,5\49,35.4,7,2,West Indies
IVA Richards,1975-1991,187,131,5644,26,4228,118,6\41,47.8,1,2,West Indies
AC Cummins,1991-1995,63,61,3143,23,2246,78,5\31,40.2,2,1,West Indies
FH Edwards,2003-2009,50,49,2138,23,1812,60,6\22,35.6,0,2,West Indies
VC Drakes,1995-2004,34,34,1640,22,1293,51,5\33,32.1,3,2,West Indies
CEH Croft,1977-1981,19,19,1070,21,620,30,6\15,35.6,0,1,West Indies
BD Julien,1973-1977,12,12,778,21,463,18,4\20,43.2,2,0,West Indies
PT Collins,1999-2005,30,30,1577,18,1212,39,5\43,40.4,0,1,West Indies
NAM McLean,1996-2003,45,45,2120,18,1729,46,3\21,46,0,0,West Indies
DR Smith,2004-2014,91,70,2660,18,2190,60,5\45,44.3,3,1,West Indies
WW Daniel,1978-1984,18,18,912,17,595,23,3\27,39.6,0,0,West Indies
MN Samuels,2000-2014,159,114,4513,17,3589,80,3\25,56.4,0,0,West Indies
AH Gray,1985-1991,25,24,1270,16,835,44,6\50,28.8,2,1,West Indies
NO Miller,2008-2014,45,41,1906,16,1461,40,4\43,47.6,2,0,West Indies
SJ Benn,2008-2011,25,24,1247,13,924,29,4\18,43,3,0,West Indies
ST Clarke,1978-1982,10,10,524,13,245,13,3\22,40.3,0,0,West Indies
FA Rose,1997-2000,27,27,1326,13,1046,29,5\23,45.7,0,1,West Indies
JC Adams,1992-2001,127,56,1856,12,1499,43,5\37,43.1,0,1,West Indies
KCG Benjamin,1992-1996,26,26,1319,12,923,33,3\34,39.9,0,0,West Indies
JO Holder,2013-2014,17,17,764,11,676,25,4\13,30.5,1,0,West Indies
HA Gomes,1978-1987,83,36,1345,10,1045,41,4\31,32.8,2,0,West Indies
TL Best,2004-2014,26,26,1300,9,1157,34,4\35,38.2,2,0,West Indies
VA Holder,1973-1978,12,12,681,9,454,19,5\50,35.8,0,1,West Indies
OD Gibson,1995-1997,15,15,739,8,621,34,5\40,21.7,2,2,West Indies
CL King,1976-1980,18,15,744,7,529,11,4\23,67.6,1,0,West Indies
CH Lloyd,1973-1985,87,10,358,7,210,8,2\4,44.7,0,0,West Indies
AD Russell,2011-2014,35,34,1451,7,1333,44,4\35,32.9,5,0,West Indies
LS Baker,2008-2009,10,9,426,6,355,11,3\47,38.7,0,0,West Indies
GC Tonge,2009-2009,5,5,300,6,224,5,4\25,60,1,0,West Indies
DE Bernard,2003-2010,20,17,624,5,526,14,3\32,44.5,0,0,West Indies
HR Bryan,1999-1999,15,15,722,5,518,12,4\24,60.1,1,0,West Indies
JJC Lawson,2001-2005,13,12,558,5,498,17,4\57,32.8,1,0,West Indies
A Martin,2011-2011,9,9,444,5,296,11,4\36,40.3,1,0,West Indies
D Mohammed,2006-2008,7,6,353,5,235,10,3\37,35.3,0,0,West Indies
KLT Arthurton,1988-1999,105,44,1384,4,1159,42,4\31,32.9,3,0,West Indies
KD Boyce,1973-1975,8,8,470,4,313,13,4\50,36.1,1,0,West Indies
LR Gibbs,1973-1975,3,3,156,4,59,2,1\12,78,0,0,West Indies
MV Nagamootoo,2000-2002,24,24,1189,4,998,18,4\32,66,1,0,West Indies
KA Pollard,2007-2013,85,60,1788,4,1655,44,3\27,40.6,0,0,West Indies
D Bishoo,2011-2011,13,13,666,3,476,20,3\34,33.3,0,0,West Indies
D Brown,2001-2002,3,3,150,3,124,5,3\21,30,0,0,West Indies
DK Butler,2005-2006,5,5,246,3,188,3,1\25,82,0,0,West Indies
WW Hinds,1999-2010,119,34,945,3,837,28,3\24,33.7,0,0,West Indies
AI Kallicharran,1973-1981,31,4,105,3,64,3,2\10,35,0,0,West Indies
BP Nash,2008-2009,9,6,294,3,224,5,3\56,58.8,0,0,West Indies
RL Powell,1999-2005,109,25,473,3,491,11,2\5,43,0,0,West Indies
RR Sarwan,2000-2013,181,25,581,3,586,16,3\31,36.3,0,0,West Indies
GS Sobers,1973-1973,1,1,63,3,31,1,1\31,63,0,0,West Indies
CEL Stuart,2001-2001,5,5,258,3,205,8,5\44,32.2,0,1,West Indies
N Deonarine,2005-2014,29,18,483,2,451,6,2\18,80.5,0,0,West Indies
R Dhanraj,1994-1995,6,5,264,2,170,10,4\26,26.4,1,0,West Indies
RO Hurley,2003-2004,9,7,378,2,313,5,1\25,75.6,0,0,West Indies
RN Lewis,1997-2009,28,25,1150,2,983,22,3\43,52.2,0,0,West Indies
NC McGarrell,1998-2001,17,17,859,2,681,15,3\32,57.2,0,0,West Indies
EA Moseley,1990-1991,9,8,330,2,278,7,2\52,47.1,0,0,West Indies
DR Parry,1978-1980,6,6,330,2,259,11,3\47,30,0,0,West Indies
NO Perry,1999-2000,21,21,946,2,783,20,3\45,47.3,0,0,West Indies
D Ramnarine,1997-2001,4,4,200,2,164,3,2\52,66.6,0,0,West Indies
PIC Thompson,1997-1997,2,2,114,2,110,2,1\46,57,0,0,West Indies
LR Williams,1996-2001,15,15,659,2,556,18,3\16,36.6,0,0,West Indies
OAC Banks,2003-2005,5,5,270,1,189,7,2\24,38.5,0,0,West Indies
MI Black,2001-2001,5,5,228,1,196,0,0,0,0,0,West Indies
ML Cummins,2014-2014,1,1,36,1,42,1,1\42,36,0,0,West Indies
RC Haynes,1989-1991,8,7,270,1,224,5,2\36,54,0,0,West Indies
KCB Jeremy,2000-2001,6,5,192,1,163,4,2\42,48,0,0,West Indies
HAG Anthony,1995-1995,3,3,156,0,143,3,2\47,52,0,0,West Indies
CA Best,1986-1992,24,2,19,0,12,0,0,0,0,0,West Indies
BS Browne,1994-1994,4,4,180,0,156,2,2\50,90,0,0,West Indies
SL Campbell,1994-2001,90,8,196,0,170,8,4\30,24.5,1,0,West Indies
S Chanderpaul,1994-2011,268,28,740,0,636,14,3\18,52.8,0,0,West Indies
S Chattergoon,2006-2009,18,4,80,0,48,1,1\1,80,0,0,West Indies
RR Emrit,2007-2007,2,2,84,0,99,0,0,0,0,0,West Indies
MLC Foster,1973-1973,2,1,30,0,22,2,2\22,15,0,0,West Indies
RC Fredericks,1973-1977,12,1,10,0,10,2,2\10,5,0,0,West Indies
D Ganga,1999-2006,35,1,1,0,4,0,0,0,0,0,West Indies
CG Greenidge,1975-1991,128,2,60,0,45,1,1\21,60,0,0,West Indies
DL Haynes,1978-1994,238,1,30,0,24,0,0,0,0,0,West Indies
RO Hinds,2001-2004,14,12,407,0,350,6,2\19,67.8,0,0,West Indies
CB Lambert,1990-1998,11,1,12,0,8,0,0,0,0,0,West Indies
BC Lara,1990-2007,295,5,49,0,61,4,2\5,12.2,0,0,West Indies
AL Logie,1981-1993,158,4,24,0,18,0,0,0,0,0,West Indies
XM Marshall,2005-2009,24,2,9,0,6,0,0,0,0,0,West Indies
RS Morton,2002-2010,56,1,6,0,2,0,0,0,0,0,West Indies
NT Pascal,2009-2009,1,1,24,0,29,0,0,0,0,0,West Indies
V Permaul,2012-2013,6,6,307,0,240,8,3\40,38.3,0,0,West Indies
N Phillip,1978-1978,1,1,42,0,22,1,1\22,42,0,0,West Indies
RB Richardson,1983-1996,224,6,58,0,46,1,1\4,58,0,0,West Indies
KF Semple,1999-1999,7,4,132,0,121,3,2\35,44,0,0,West Indies
S Shivnarine,1978-1978,1,1,18,0,16,0,0,0,0,0,West Indies
LMP Simmons,2006-2014,58,11,150,0,160,1,1\3,150,0,0,West Indies
MA Small,1984-1984,2,2,84,0,54,1,1\40,84,0,0,West Indies
DS Smith,2003-2013,47,2,17,0,17,0,0,0,0,0,West Indies
DC Thomas,2009-2013,21,1,7,0,11,2,2\11,3.5,0,0,West Indies
CM Tuckett,1998-1998,1,1,48,0,41,2,2\41,24,0,0,West Indies
SC Williams,1994-1999,57,1,24,0,30,1,1\30,24,0,0,West Indies
SFAF Bacchus,1978-1983,29,0,0,0,0,0,0,0,0,0,West Indies
AB Barath,2010-2012,14,0,0,0,0,0,0,0,0,0,West Indies
CS Baugh,2003-2012,47,0,0,0,0,0,0,0,0,0,West Indies
CR Brathwaite,2011-2011,1,0,0,0,0,0,0,0,0,0,West Indies
DM Bravo,2009-2014,73,0,0,0,0,0,0,0,0,0,West Indies
CO Browne,1995-2005,46,0,0,0,0,0,0,0,0,0,West Indies
PA Browne,2008-2008,5,0,0,0,0,0,0,0,0,0,West Indies
J Charles,2012-2014,30,0,0,0,0,0,0,0,0,0,West Indies
RT Crandon,2009-2009,1,0,0,0,0,0,0,0,0,0,West Indies
TM Dowlin,2009-2010,11,0,0,0,0,0,0,0,0,0,West Indies
PJL Dujon,1981-1991,169,0,0,0,0,0,0,0,0,0,West Indies
KA Edwards,2011-2014,14,0,0,0,0,0,0,0,0,0,West Indies
SE Findlay,2008-2009,9,0,0,0,0,0,0,0,0,0,West Indies
ADS Fletcher,2008-2010,15,0,0,0,0,0,0,0,0,0,West Indies
RS Gabriel,1984-1984,11,0,0,0,0,0,0,0,0,0,West Indies
LV Garrick,2001-2001,3,0,0,0,0,0,0,0,0,0,West Indies
AE Greenidge,1978-1978,1,0,0,0,0,0,0,0,0,0,West Indies
AFG Griffith,1996-2000,9,0,0,0,0,0,0,0,0,0,West Indies
RGA Headley,1973-1973,1,0,0,0,0,0,0,0,0,0,West Indies
RIC Holder,1993-1997,37,0,0,0,0,0,0,0,0,0,West Indies
DP Hyatt,2011-2011,9,0,0,0,0,0,0,0,0,0,West Indies
RD Jacobs,1996-2004,147,0,0,0,0,0,0,0,0,0,West Indies
LR Johnson,2008-2008,3,0,0,0,0,0,0,0,0,0,West Indies
SC Joseph,2000-2005,13,0,0,0,0,0,0,0,0,0,West Indies
RB Kanhai,1973-1975,7,0,0,0,0,0,0,0,0,0,West Indies
EH Mattis,1981-1981,2,0,0,0,0,0,0,0,0,0,West Indies
JN Mohammed,2011-2011,1,0,0,0,0,0,0,0,0,0,West Indies
DA Murray,1973-1981,10,0,0,0,0,0,0,0,0,0,West Indies
DL Murray,1973-1980,26,0,0,0,0,0,0,0,0,0,West Indies
JR Murray,1992-1999,55,0,0,0,0,0,0,0,0,0,West Indies
BA Parchment,2007-2008,7,0,0,0,0,0,0,0,0,0,West Indies
TRO Payne,1984-1987,7,0,0,0,0,0,0,0,0,0,West Indies
KOA Powell,2009-2014,28,0,0,0,0,0,0,0,0,0,West Indies
MR Pydanna,1980-1983,3,0,0,0,0,0,0,0,0,0,West Indies
RR Ramdass,2005-2005,1,0,0,0,0,0,0,0,0,0,West Indies
D Ramdin,2005-2014,109,0,0,0,0,0,0,0,0,0,West Indies
FL Reifer,1997-2009,8,0,0,0,0,0,0,0,0,0,West Indies
ACL Richards,2007-2007,1,0,0,0,0,0,0,0,0,0,West Indies
DM Richards,2009-2010,8,0,0,0,0,0,0,0,0,0,West Indies
LG Rowe,1975-1980,11,0,0,0,0,0,0,0,0,0,West Indies
RG Samuels,1996-1997,8,0,0,0,0,0,0,0,0,0,West Indies
IT Shillingford,1978-1978,2,0,0,0,0,0,0,0,0,0,West Indies
PA Wallace,1991-2000,33,0,0,0,0,0,0,0,0,0,West Indies
CAK Walton,2009-2014,5,0,0,0,0,0,0,0,0,0,West Indies
D Williams,1988-1997,36,0,0,0,0,0,0,0,0,0,West Indies
