Player_Name,Span,Matches,field_Inns,Dissmissals,Ct,St,Ct_Wk,Ct_Fi,Country
AC Gilchrist,1996-2008,286,285,470,416,54,416,0,Australia
IA Healy,1988-1997,168,168,233,194,39,194,0,Australia
RT Ponting,1995-2012,374,371,159,159,0,0,159,Australia
BJ Haddin,2001-2014,105,103,156,146,10,146,0,Australia
AR Border,1979-1994,273,270,127,127,0,0,127,Australia
RW Marsh,1971-1984,92,92,124,120,4,120,0,Australia
SR Waugh,1986-2002,325,324,111,111,0,0,111,Australia
ME Waugh,1988-2002,244,243,108,108,0,0,108,Australia
MEK Hussey,2004-2012,185,184,105,105,0,0,105,Australia
MJ Clarke,2003-2014,236,234,100,100,0,0,100,Australia
A Symonds,1998-2009,198,196,82,82,0,0,82,Australia
SK Warne,1993-2003,193,192,80,80,0,0,80,Australia
MG Bevan,1994-2004,232,230,69,69,0,0,69,Australia
DR Martyn,1992-2006,208,205,69,69,0,0,69,Australia
ML Hayden,1993-2008,160,157,68,68,0,0,68,Australia
SR Watson,2002-2014,173,172,60,60,0,0,60,Australia
MA Taylor,1989-1997,113,113,56,56,0,0,56,Australia
DM Jones,1984-1994,164,164,54,54,0,0,54,Australia
B Lee,2000-2012,221,217,54,54,0,0,54,Australia
MS Wade,2012-2014,42,42,50,43,7,43,0,Australia
WB Phillips,1982-1986,48,48,49,42,7,42,0,Australia
DC Boon,1984-1995,181,181,45,45,0,0,45,Australia
TD Paine,2009-2011,26,25,39,35,4,35,0,Australia
CL White,2005-2011,87,86,37,37,0,0,37,Australia
GB Hogg,1996-2008,123,121,36,36,0,0,36,Australia
GD McGrath,1993-2007,249,247,36,36,0,0,36,Australia
PL Taylor,1987-1992,83,83,34,34,0,0,34,Australia
GR Marsh,1986-1992,117,117,31,31,0,0,31,Australia
TM Alderman,1981-1991,65,65,29,29,0,0,29,Australia
DJ Hussey,2008-2013,69,69,29,29,0,0,29,Australia
MG Johnson,2005-2014,136,135,29,29,0,0,29,Australia
GC Dyer,1986-1988,23,23,28,24,4,24,0,Australia
KJ Hughes,1977-1985,97,96,27,27,0,0,27,Australia
CJ McDermott,1985-1996,138,138,27,27,0,0,27,Australia
NW Bracken,2001-2009,116,116,26,26,0,0,26,Australia
DS Lehmann,1996-2005,117,116,26,26,0,0,26,Australia
JR Hopes,2005-2010,84,83,25,25,0,0,25,Australia
PR Reiffel,1992-1999,92,92,25,25,0,0,25,Australia
NM Hauritz,2002-2011,58,57,24,24,0,0,24,Australia
GJ Bailey,2012-2014,39,39,23,23,0,0,23,Australia
GS Chappell,1971-1983,74,72,23,23,0,0,23,Australia
S Lee,1995-2001,45,44,23,23,0,0,23,Australia
GRJ Matthews,1984-1993,59,59,23,23,0,0,23,Australia
TJ Zoehrer,1986-1994,22,22,23,21,2,21,0,Australia
SP O'Donnell,1985-1991,87,87,22,22,0,0,22,Australia
TM Moody,1987-1999,76,76,21,21,0,0,21,Australia
AJ Bichel,1997-2004,67,66,19,19,0,0,19,Australia
KC Wessels,1983-1985,54,52,19,19,0,0,19,Australia
GF Lawson,1980-1989,79,79,18,18,0,0,18,Australia
JP Maher,1998-2003,26,26,18,18,0,8,10,Australia
XJ Doherty,2010-2014,54,54,17,17,0,0,17,Australia
IJ Harvey,1997-2004,73,72,17,17,0,0,17,Australia
GM Wood,1978-1989,83,80,17,17,0,0,17,Australia
BJ Hodge,2005-2007,25,25,16,16,0,0,16,Australia
SPD Smith,2010-2014,34,34,15,15,0,0,15,Australia
DW Fleming,1994-2001,88,88,14,14,0,0,14,Australia
MS Kasprowicz,1995-2005,43,42,13,13,0,0,13,Australia
SM Katich,2001-2006,45,45,13,13,0,0,13,Australia
DE Bollinger,2009-2011,39,39,12,12,0,0,12,Australia
J Dyson,1980-1983,29,29,12,12,0,0,12,Australia
AJ Finch,2013-2014,23,23,12,12,0,0,12,Australia
SG Law,1994-1999,54,54,12,12,0,0,12,Australia
AC Dale,1997-2000,30,30,11,11,0,0,11,Australia
DW Hookes,1977-1986,39,37,11,11,0,0,11,Australia
SJ Rixon,1978-1985,6,6,11,9,2,9,0,Australia
DA Warner,2009-2014,42,42,11,11,0,0,11,Australia
MR Whitney,1983-1993,38,38,11,11,0,0,11,Australia
DT Christian,2012-2014,19,19,10,10,0,0,10,Australia
SR Clark,2005-2009,39,39,10,10,0,0,10,Australia
JN Gillespie,1996-2005,97,97,10,10,0,0,10,Australia
BW Hilfenhaus,2007-2012,25,25,10,10,0,0,10,Australia
TG Hogan,1983-1984,16,15,10,10,0,0,10,Australia
DK Lillee,1972-1983,63,63,10,10,0,0,10,Australia
KD Walters,1971-1981,28,28,10,10,0,0,10,Australia
SE Marsh,2008-2014,45,45,9,9,0,0,9,Australia
GJ Maxwell,2012-2014,24,24,9,9,0,0,9,Australia
GM Ritchie,1982-1987,44,44,9,9,0,0,9,Australia
MJ Slater,1993-1997,42,42,9,9,0,0,9,Australia
JR Thomson,1975-1985,50,50,9,9,0,0,9,Australia
TM Chappell,1980-1983,20,20,8,8,0,0,8,Australia
RM Hogg,1979-1985,71,69,8,8,0,0,8,Australia
BP Julian,1993-1999,25,25,8,8,0,0,8,Australia
SB Smith,1983-1985,28,27,8,8,0,0,8,Australia
SW Tait,2007-2011,35,35,8,8,0,0,8,Australia
MRJ Veletta,1987-1989,20,20,8,8,0,1,7,Australia
DM Wellham,1981-1987,17,17,8,8,0,0,8,Australia
KJ Wright,1979-1979,5,5,8,8,0,8,0,Australia
GS Blewett,1995-1999,32,32,7,7,0,0,7,Australia
AIC Dodemaide,1988-1993,24,24,7,7,0,0,7,Australia
CJ Ferguson,2009-2011,30,29,7,7,0,0,7,Australia
CJ McKay,2009-2014,59,59,7,7,0,0,7,Australia
L Ronchi,2008-2008,4,4,7,5,2,5,0,Australia
AC Voges,2007-2013,31,31,7,7,0,0,7,Australia
WM Darling,1978-1982,18,17,6,6,0,0,6,Australia
RJ Harris,2009-2012,21,21,6,6,0,0,6,Australia
MG Hughes,1988-1993,33,33,6,6,0,0,6,Australia
LS Pascoe,1977-1982,29,29,6,6,0,0,6,Australia
CG Rackemann,1983-1991,52,52,6,6,0,0,6,Australia
BA Reid,1986-1992,61,61,6,6,0,0,6,Australia
MHN Walker,1974-1981,17,17,6,6,0,0,6,Australia
RJ Campbell,2002-2002,2,2,5,4,1,4,0,Australia
IM Chappell,1971-1980,16,16,5,5,0,0,5,Australia
SP Davis,1986-1988,39,39,5,5,0,0,5,Australia
JP Faulkner,2013-2014,24,24,5,5,0,0,5,Australia
PJ Hughes,2013-2013,20,20,5,5,0,2,3,Australia
BM Laird,1979-1982,23,23,5,5,0,0,5,Australia
GA Manou,2009-2009,4,4,5,5,0,5,0,Australia
GN Yallop,1978-1984,30,27,5,5,0,0,5,Australia
GD Campbell,1989-1990,12,12,4,4,0,0,4,Australia
GJ Cosier,1975-1979,9,8,4,4,0,0,4,Australia
PJ Forrest,2012-2012,15,15,4,4,0,0,4,Australia
MF Kent,1981-1981,5,5,4,4,0,0,4,Australia
AA Mallett,1971-1975,9,9,4,4,0,0,4,Australia
RD Robinson,1977-1977,2,2,4,3,1,3,0,Australia
RB Simpson,1978-1978,2,2,4,4,0,0,4,Australia
MA Starc,2010-2013,19,19,4,4,0,0,4,Australia
BA Williams,2002-2004,25,24,4,4,0,0,4,Australia
PA Emery,1994-1994,1,1,3,3,0,3,0,Australia
DR Gilbert,1986-1986,14,14,3,3,0,0,3,Australia
PA Jaques,2006-2007,6,6,3,3,0,0,3,Australia
JL Langer,1994-1997,8,8,3,2,1,1,1,Australia
RB McCosker,1975-1982,14,14,3,3,0,0,3,Australia
TBA May,1987-1995,47,47,3,3,0,0,3,Australia
GR Robertson,1994-1998,13,13,3,3,0,0,3,Australia
A Turner,1975-1975,6,6,3,3,0,0,3,Australia
RJ Bright,1974-1986,11,11,2,2,0,0,2,Australia
IW Callen,1978-1982,5,5,2,2,0,0,2,Australia
DJ Cullen,2006-2006,5,5,2,2,0,0,2,Australia
GJ Gilmour,1974-1975,5,5,2,2,0,0,2,Australia
JW Hastings,2010-2011,11,11,2,2,0,0,2,Australia
JJ Krejza,2011-2011,8,8,2,2,0,0,2,Australia
B Laughlin,2009-2009,5,5,2,2,0,0,2,Australia
SCG MacGill,2000-2000,3,3,2,2,0,0,2,Australia
KH MacLeay,1983-1987,16,16,2,2,0,0,2,Australia
JN Maguire,1983-1984,23,21,2,2,0,0,2,Australia
JK Moss,1979-1979,1,1,2,2,0,0,2,Australia
JL Pattinson,2011-2014,13,13,2,2,0,0,2,Australia
IR Redpath,1971-1975,5,5,2,2,0,0,2,Australia
AM Stuart,1997-1997,3,3,2,2,0,0,2,Australia
JM Wiener,1979-1980,7,7,2,2,0,0,2,Australia
RD Woolley,1983-1983,4,2,2,1,1,1,0,Australia
BE Young,1998-1999,6,6,2,2,0,0,2,Australia
MJ Bennett,1984-1985,8,8,1,1,0,0,1,Australia
GA Bishop,1987-1987,2,2,1,1,0,0,1,Australia
NM Coulter-Nile,2013-2014,7,7,1,1,0,0,1,Australia
BCJ Cutting,2013-2013,3,3,1,1,0,0,1,Australia
MJ Di Venuto,1997-1997,9,9,1,1,0,0,0,Australia
G Dymock,1974-1980,15,14,1,1,0,0,1,Australia
B Geeves,2008-2009,2,2,1,1,0,0,1,Australia
SF Graf,1980-1981,11,11,1,1,0,0,1,Australia
MC Henriques,2009-2013,5,5,1,1,0,0,1,Australia
AMJ Hilditch,1979-1985,8,8,1,1,0,0,1,Australia
AG Hurst,1975-1979,8,7,1,1,0,0,1,Australia
RB Kerr,1985-1985,4,4,1,1,0,0,1,Australia
WM Lawry,1971-1971,1,1,1,1,0,0,1,Australia
ML Lewis,2005-2006,7,7,1,1,0,0,1,Australia
NM Lyon,2012-2012,2,2,1,1,0,0,1,Australia
RJ McCurdy,1985-1985,11,11,1,1,0,0,1,Australia
GD McKenzie,1971-1971,1,1,1,1,0,0,1,Australia
MF Malone,1977-1982,10,10,1,1,0,0,1,Australia
MR Marsh,2011-2013,4,4,1,1,0,0,1,Australia
RAL Massie,1972-1972,3,3,1,1,0,0,1,Australia
MJ North,2009-2009,2,2,1,1,0,0,1,Australia
GD Porter,1979-1979,2,2,1,1,0,0,1,Australia
CS Serjeant,1977-1978,3,3,1,1,0,0,1,Australia
PM Siddle,2009-2010,17,16,1,1,0,0,1,Australia
KR Stackpole,1971-1974,6,6,1,1,0,0,1,Australia
P Wilson,1997-1998,11,11,1,1,0,0,1,Australia
B Yardley,1978-1983,7,5,1,1,0,0,1,Australia
AK Zesers,1987-1987,2,2,1,1,0,0,1,Australia
J Angel,1994-1995,3,3,0,0,0,0,0,Australia
GR Beard,1981-1981,2,2,0,0,0,0,0,Australia
PH Carlson,1979-1979,4,3,0,0,0,0,0,Australia
WM Clark,1978-1978,2,2,0,0,0,0,0,Australia
DJ Colley,1972-1972,1,1,0,0,0,0,0,Australia
AN Connolly,1971-1971,1,1,0,0,0,0,0,Australia
MJ Cosgrove,2006-2006,3,3,0,0,0,0,0,Australia
PJ Cummins,2011-2012,5,5,0,0,0,0,0,Australia
IC Davis,1974-1977,3,3,0,0,0,0,0,Australia
BR Dorey,2006-2006,4,4,0,0,0,0,0,Australia
R Edwards,1972-1975,9,9,0,0,0,0,0,Australia
WJ Edwards,1975-1975,1,1,0,0,0,0,0,Australia
MTG Elliott,1997-1997,1,1,0,0,0,0,0,Australia
Fawad Ahmed,2013-2013,3,3,0,0,0,0,0,Australia
JR Hammond,1972-1972,1,1,0,0,0,0,0,Australia
SM Harwood,2009-2009,1,1,0,0,0,0,0,Australia
JR Hazlewood,2010-2013,2,2,0,0,0,0,0,Australia
RG Holland,1985-1985,2,2,0,0,0,0,0,Australia
TJ Jenner,1975-1975,1,1,0,0,0,0,0,Australia
UT Khawaja,2013-2013,3,3,0,0,0,0,0,Australia
TJ Laughlin,1978-1979,6,6,0,0,0,0,0,Australia
JA Maclean,1979-1979,2,1,0,0,0,0,0,Australia
DP Nannes,2009-2009,1,1,0,0,0,0,0,Australia
AA Noffke,2008-2008,1,1,0,0,0,0,0,Australia
KJ O'Keeffe,1977-1977,2,2,0,0,0,0,0,Australia
KW Richardson,2013-2013,1,1,0,0,0,0,0,Australia
AP Sheahan,1972-1972,3,3,0,0,0,0,0,Australia
JD Siddons,1988-1988,1,1,0,0,0,0,0,Australia
AL Thomson,1971-1971,1,1,0,0,0,0,0,Australia
PM Toohey,1978-1979,5,4,0,0,0,0,0,Australia
AJ Stewart,1989-2003,164,164,169,154,15,145,9,England
PD Collingwood,2001-2011,190,190,105,105,0,0,105,England
MJ Prior,2004-2011,66,66,77,69,8,67,2,England
GO Jones,2004-2006,47,47,67,63,4,63,0,England
GA Hick,1991-2001,117,117,62,62,0,0,62,England
C Kieswetter,2010-2013,44,44,62,50,12,49,1,England
AJ Strauss,2003-2011,123,123,54,54,0,0,54,England
ME Trescothick,2000-2006,116,116,47,47,0,4,43,England
JM Anderson,2002-2013,167,167,46,46,0,0,46,England
RC Russell,1987-1998,38,38,46,40,6,40,0,England
IR Bell,2004-2014,134,134,45,45,0,0,45,England
JC Buttler,2012-2014,26,26,44,41,3,41,0,England
GA Gooch,1976-1995,121,121,44,44,0,0,44,England
DI Gower,1978-1991,113,113,44,44,0,0,44,England
NV Knight,1996-2003,99,99,44,44,0,0,44,England
A Flintoff,1999-2009,132,132,43,43,0,0,43,England
CMW Read,2000-2006,33,33,42,40,2,40,0,England
GP Thorpe,1993-2002,80,80,42,42,0,0,42,England
N Hussain,1989-2003,87,87,40,40,0,0,40,England
EJG Morgan,2009-2014,87,87,37,37,0,3,34,England
KP Pietersen,2004-2013,127,127,37,37,0,0,37,England
IT Botham,1976-1992,114,114,36,36,0,0,36,England
NH Fairbrother,1987-1999,74,74,33,33,0,0,33,England
AJ Lamb,1982-1992,120,120,31,31,0,0,31,England
RW Taylor,1973-1984,25,25,31,25,6,25,0,England
RS Bopara,2007-2014,98,98,30,30,0,0,30,England
PR Downton,1977-1988,28,28,29,26,3,26,0,England
GP Swann,2000-2013,77,77,29,29,0,0,29,England
AN Cook,2006-2014,75,75,27,27,0,0,27,England
PAJ DeFreitas,1987-1997,102,102,26,26,0,0,26,England
SCJ Broad,2006-2014,103,103,25,25,0,0,25,England
DW Randall,1976-1985,48,48,25,25,0,0,25,England
RA Smith,1988-1996,68,68,25,25,0,0,25,England
MP Vaughan,2001-2007,81,81,25,25,0,0,25,England
D Gough,1994-2006,151,151,24,24,0,0,24,England
PA Nixon,2007-2007,19,19,23,20,3,20,0,England
MW Gatting,1977-1993,92,92,22,22,0,0,22,England
AF Giles,1997-2005,59,59,22,22,0,0,22,England
RGD Willis,1973-1984,64,64,22,22,0,0,22,England
DL Bairstow,1979-1984,21,21,21,17,4,17,0,England
TT Bresnan,2006-2014,81,81,20,20,0,0,20,England
JS Foster,2001-2002,11,11,20,13,7,13,0,England
OA Shah,2001-2009,68,68,20,20,0,0,20,England
JE Emburey,1980-1993,61,61,19,19,0,0,19,England
CC Lewis,1990-1998,49,49,19,19,0,0,19,England
IJ Gould,1983-1983,18,18,18,15,3,15,0,England
CJ Richards,1981-1988,22,22,17,16,1,16,0,England
LJ Wright,2007-2014,47,47,17,17,0,0,17,England
CWJ Athey,1980-1988,31,31,16,16,0,0,16,England
BN French,1985-1988,13,13,16,13,3,13,0,England
APE Knott,1971-1977,19,19,16,15,1,15,0,England
VS Solanki,2000-2006,49,49,16,16,0,0,16,England
MA Atherton,1990-1998,53,53,15,15,0,0,15,England
IJL Trott,2009-2013,65,65,14,14,0,0,14,England
AJ Hollioake,1996-1999,35,35,13,13,0,0,13,England
JM Brearley,1977-1980,24,24,12,12,0,0,12,England
JWM Dalrymple,2006-2007,26,26,12,12,0,0,12,England
NA Foster,1984-1989,48,48,12,12,0,0,12,England
C White,1994-2003,50,50,12,12,0,0,12,England
R Clarke,2003-2006,18,18,11,11,0,0,11,England
RDB Croft,1996-2001,49,49,11,11,0,0,11,England
P Mustard,2007-2008,10,10,11,9,2,9,0,England
SJ Rhodes,1989-1995,9,9,11,9,2,9,0,England
BC Broad,1987-1988,34,34,10,10,0,0,10,England
SJ Harmison,2002-2009,55,55,10,10,0,0,10,England
DR Pringle,1982-1993,43,43,10,10,0,0,10,England
JE Root,2013-2014,25,25,10,10,0,0,10,England
MH Yardy,2006-2011,28,28,10,10,0,0,10,England
AR Caddick,1993-2003,53,53,9,9,0,0,9,England
MA Ealham,1996-2001,62,62,9,9,0,0,9,England
DA Reeve,1991-1996,28,28,9,9,0,0,9,England
JC Tredwell,2010-2014,29,29,9,9,0,0,9,England
ID Blackwell,2002-2006,33,33,8,8,0,0,8,England
SM Davies,2009-2011,8,8,8,8,0,8,0,England
ST Finn,2011-2013,37,37,8,8,0,0,8,England
RK Illingworth,1991-1996,25,25,8,8,0,0,8,England
W Larkins,1979-1991,23,23,8,8,0,0,8,England
VJ Marks,1980-1988,34,34,8,8,0,0,8,England
AD Mullally,1996-2001,49,49,8,8,0,0,8,England
CM Old,1973-1981,29,29,8,8,0,0,8,England
MR Ramprakash,1991-2001,18,18,8,8,0,0,8,England
LE Plunkett,2005-2011,29,29,7,7,0,0,7,England
GC Small,1987-1992,50,50,7,7,0,0,7,England
BA Stokes,2011-2014,16,16,7,7,0,0,7,England
CJ Tavare,1980-1984,29,29,7,7,0,0,7,England
VJ Wells,1999-1999,9,9,7,7,0,0,7,England
AD Brown,1996-2001,15,15,6,6,0,0,6,England
DJ Capel,1987-1990,21,21,6,6,0,0,6,England
DG Cork,1992-2002,31,31,6,6,0,0,6,England
PH Edmonds,1977-1987,28,28,6,6,0,0,6,England
G Fowler,1983-1986,26,26,6,4,2,2,2,England
AW Greig,1972-1977,20,20,6,6,0,0,6,England
BC Hollioake,1997-2002,20,20,6,6,0,0,6,England
RC Irani,1996-2003,29,29,6,6,0,0,6,England
EC Joyce,2006-2007,17,17,6,6,0,0,6,England
JK Lever,1976-1982,21,21,6,6,0,0,6,England
RT Robinson,1984-1988,26,26,6,6,0,0,6,England
RJ Sidebottom,2001-2010,25,25,6,6,0,0,6,England
DL Underwood,1973-1982,25,25,6,6,0,0,6,England
GS Ballance,2013-2014,5,5,5,5,0,0,5,England
G Boycott,1971-1981,34,34,5,5,0,0,5,England
NG Cowans,1983-1985,23,23,5,5,0,0,5,England
JL Denly,2009-2009,9,9,5,5,0,0,5,England
JW Dernbach,2011-2013,23,23,5,5,0,0,5,England
ARC Fraser,1989-1999,40,40,5,5,0,0,5,England
EE Hemmings,1982-1991,31,31,5,5,0,0,5,England
M Hendrick,1973-1981,19,19,5,5,0,0,5,England
MJ Hoggard,2001-2006,26,26,5,5,0,0,5,England
TE Jesty,1983-1983,10,10,5,5,0,0,5,England
RJ Kirtley,2001-2004,10,10,5,5,0,0,5,England
MD Moxon,1985-1988,8,8,5,5,0,0,5,England
SR Patel,2008-2013,33,33,5,5,0,0,5,England
JN Snape,2001-2002,10,10,5,5,0,0,5,England
CR Woakes,2011-2013,12,12,5,5,0,0,5,England
B Wood,1972-1982,11,11,5,5,0,0,5,England
GD Barlow,1976-1977,6,6,4,4,0,0,4,England
GJ Batty,2002-2009,10,10,4,4,0,0,4,England
GR Dilley,1979-1988,36,36,4,4,0,0,4,England
KWR Fletcher,1971-1982,21,21,4,4,0,0,4,England
RD Jackman,1974-1983,15,15,4,4,0,0,4,England
A McGrath,2003-2004,13,13,4,4,0,0,4,England
AD Mascarenhas,2007-2009,19,19,4,4,0,0,4,England
MP Maynard,1994-2000,13,13,4,4,0,0,4,England
G Miller,1977-1984,25,25,4,4,0,0,4,England
A Shahzad,2010-2011,11,11,4,4,0,0,4,England
CT Tremlett,2005-2011,15,15,4,4,0,0,4,England
PCR Tufnell,1990-1997,20,20,4,4,0,0,4,England
P Willey,1977-1986,26,26,4,4,0,0,4,England
CJ Adams,1998-2000,5,5,3,3,0,0,3,England
MM Ali,2014-2014,3,3,3,3,0,0,3,England
MW Alleyne,1999-2000,10,10,3,3,0,0,3,England
TR Ambrose,2008-2008,4,4,3,3,0,3,0,England
JM Bairstow,2011-2012,7,7,3,3,0,0,3,England
RJ Blakey,1992-1993,3,3,3,2,1,2,0,England
DW Headley,1996-1999,13,13,3,3,0,0,3,England
D Lloyd,1973-1980,8,8,3,3,0,0,3,England
MS Panesar,2007-2007,26,26,3,3,0,0,3,England
RA Woolmer,1972-1976,6,6,3,3,0,0,3,England
PJW Allott,1982-1985,13,13,2,2,0,0,2,England
DL Amiss,1972-1977,16,16,2,2,0,0,2,England
GG Arnold,1972-1975,12,12,2,2,0,0,2,England
MP Bicknell,1990-1991,7,7,2,2,0,0,2,England
MA Carberry,2013-2013,4,4,2,2,0,0,2,England
G Cook,1981-1983,6,6,2,2,0,0,2,England
NGB Cook,1984-1989,3,3,2,2,0,0,2,England
JP Crawley,1994-1999,13,13,2,1,1,0,1,England
RM Ellison,1984-1986,14,14,2,2,0,0,2,England
GW Humpage,1981-1981,3,3,2,2,0,2,0,England
CJ Jordan,2013-2014,7,7,2,2,0,0,2,England
P Lever,1971-1975,8,8,2,2,0,0,2,England
GD Lloyd,1996-1998,6,6,2,2,0,0,2,England
JE Morris,1990-1991,8,8,2,2,0,0,2,England
NV Radford,1988-1988,6,6,2,2,0,0,2,England
AU Rashid,2009-2009,5,5,2,2,0,0,2,England
GRJ Roope,1973-1978,7,7,2,2,0,0,2,England
GB Stevenson,1980-1981,4,4,2,2,0,0,2,England
JP Agnew,1985-1985,3,3,1,1,0,0,1,England
RJ Bailey,1985-1990,4,4,1,1,0,0,1,England
DR Brown,1997-1998,9,9,1,1,0,0,1,England
DB Close,1972-1972,3,3,1,1,0,0,1,England
MH Denness,1973-1975,11,11,1,1,0,0,1,England
BL D'Oliveira,1971-1972,4,4,1,1,0,0,1,England
MV Fleming,1997-1998,11,11,1,1,0,0,1,England
PJ Franks,2000-2000,1,1,1,1,0,0,1,England
N Gifford,1985-1985,2,2,1,1,0,0,1,England
AP Grayson,2000-2001,2,2,1,1,0,0,1,England
AP Igglesden,1994-1994,4,4,1,1,0,0,1,England
R Illingworth,1971-1973,2,2,1,1,0,0,1,England
PW Jarvis,1988-1993,16,16,1,1,0,0,1,England
JD Love,1981-1981,3,3,1,1,0,0,1,England
MJ Lumb,2014-2014,3,3,1,1,0,0,1,England
MA Lynch,1988-1988,3,3,1,1,0,0,1,England
DL Maddy,1998-2000,8,8,1,1,0,0,1,England
SI Mahmood,2004-2009,25,25,1,1,0,0,1,England
DE Malcolm,1990-1994,10,10,1,1,0,0,1,England
PJ Martin,1995-1998,19,19,1,1,0,0,1,England
G Onions,2009-2009,4,4,1,1,0,0,1,England
BC Rose,1977-1977,2,2,1,1,0,0,1,England
IDK Salisbury,1993-1994,4,4,1,1,0,0,1,England
K Shuttleworth,1971-1971,1,1,1,1,0,0,1,England
MJ Smith,1973-1974,5,5,1,1,0,0,1,England
NMK Smith,1996-1996,6,6,1,1,0,0,1,England
JA Snow,1971-1975,8,8,1,1,0,0,1,England
JO Troughton,2003-2003,5,5,1,1,0,0,1,England
AJ Tudor,2002-2002,3,3,1,1,0,0,1,England
SD Udal,1994-2005,11,11,1,1,0,0,1,England
AG Wharf,2004-2005,12,12,1,1,0,0,1,England
JJ Whitaker,1987-1987,2,2,1,1,0,0,1,England
Kabir Ali,2005-2006,12,12,0,0,0,0,0,England
ID Austin,1998-1999,9,9,0,0,0,0,0,England
KJ Barnett,1988-1988,1,1,0,0,0,0,0,England
JE Benjamin,1994-1995,2,2,0,0,0,0,0,England
MR Benson,1986-1986,1,1,0,0,0,0,0,England
SG Borthwick,2011-2011,2,2,0,0,0,0,0,England
DR Briggs,2012-2012,1,1,0,0,0,0,0,England
AR Butcher,1980-1980,1,1,0,0,0,0,0,England
RO Butcher,1980-1981,3,3,0,0,0,0,0,England
G Chapple,2006-2006,1,1,0,0,0,0,0,England
GA Cope,1977-1978,2,2,0,0,0,0,0,England
CS Cowdrey,1985-1985,3,3,0,0,0,0,0,England
BB McCullum,2002-2014,216,216,252,237,15,220,17,New Zealand
SP Fleming,1994-2007,264,264,131,131,0,0,131,New Zealand
AC Parore,1992-2002,168,168,131,110,21,105,5,New Zealand
CZ Harris,1990-2004,236,236,92,92,0,0,92,New Zealand
LRPL Taylor,2006-2014,126,126,88,88,0,0,88,New Zealand
IDS Smith,1980-1992,95,95,82,78,4,77,1,New Zealand
NJ Astle,1995-2007,211,211,81,81,0,0,81,New Zealand
DL Vettori,1997-2013,251,251,73,73,0,0,73,New Zealand
SB Styris,1999-2011,177,177,71,71,0,0,71,New Zealand
CL Cairns,1991-2006,206,206,65,65,0,0,65,New Zealand
MD Crowe,1982-1995,139,139,65,65,0,0,65,New Zealand
JDP Oram,2001-2012,153,153,51,51,0,0,51,New Zealand
JG Wright,1978-1992,144,144,50,50,0,0,50,New Zealand
CD McMillan,1997-2007,185,185,42,42,0,0,42,New Zealand
KR Rutherford,1985-1995,118,118,41,41,0,0,41,New Zealand
L Vincent,2001-2007,98,98,41,41,0,2,39,New Zealand
KD Mills,2001-2014,155,155,39,39,0,0,39,New Zealand
TE Blain,1986-1994,38,38,38,37,1,36,1,New Zealand
JV Coney,1979-1987,84,84,38,38,0,0,38,New Zealand
MJ Guptill,2009-2014,79,79,36,36,0,0,36,New Zealand
MJ Greatbatch,1988-1996,84,84,35,35,0,1,34,New Zealand
RG Twose,1995-2001,81,81,35,35,0,0,35,New Zealand
WK Lees,1979-1983,31,31,30,28,2,28,0,New Zealand
NL McCullum,2009-2014,63,63,30,30,0,0,30,New Zealand
LK Germon,1995-1997,36,36,29,20,9,20,0,New Zealand
JJ Crowe,1983-1990,73,73,27,27,0,0,27,New Zealand
BA Young,1990-1999,69,69,27,27,0,6,21,New Zealand
JEC Franklin,2001-2013,104,104,26,26,0,0,26,New Zealand
GJ Hopkins,2004-2010,21,21,26,25,1,25,0,New Zealand
DJ Nash,1992-2002,74,74,24,24,0,0,24,New Zealand
Sir RJ Hadlee,1973-1990,74,108,108,23,23,0,0,New Zealand
AH Jones,1987-1995,86,86,23,23,0,0,23,New Zealand
DN Patel,1987-1997,75,75,23,23,0,0,23,New Zealand
L Ronchi,2013-2014,17,17,23,22,1,22,0,New Zealand
GR Larsen,1990-1999,117,117,22,22,0,0,22,New Zealand
DR Tuffey,2000-2010,89,89,20,20,0,0,20,New Zealand
BL Cairns,1974-1985,76,76,19,19,0,0,19,New Zealand
EJ Chatfield,1979-1989,110,110,19,19,0,0,19,New Zealand
JM How,2005-2011,37,37,19,19,0,0,19,New Zealand
DK Morrison,1987-1996,96,96,19,19,0,0,19,New Zealand
CJ Nevin,2000-2003,35,35,19,16,3,14,2,New Zealand
MC Snedden,1980-1990,91,91,19,19,0,0,19,New Zealand
JG Bracewell,1983-1990,51,51,18,18,0,0,18,New Zealand
PG Fulton,2004-2009,47,47,18,18,0,0,18,New Zealand
HJH Marshall,2003-2007,63,63,18,18,0,0,18,New Zealand
TG Southee,2008-2014,71,71,18,18,0,0,18,New Zealand
SA Thomson,1990-1996,55,55,18,18,0,0,18,New Zealand
KS Williamson,2010-2014,51,51,18,18,0,0,18,New Zealand
EB McSweeney,1986-1987,15,15,17,14,3,14,0,New Zealand
MS Sinclair,2000-2007,53,53,17,17,0,2,15,New Zealand
SE Bond,2002-2010,79,79,15,15,0,0,15,New Zealand
JD Ryder,2008-2014,45,45,15,15,0,0,15,New Zealand
CM Spearman,1995-2001,50,50,15,15,0,0,15,New Zealand
GP Howarth,1975-1985,65,65,14,14,0,0,14,New Zealand
BJ Watling,2010-2013,20,20,13,13,0,7,6,New Zealand
BA Edgar,1978-1986,62,62,12,12,0,0,12,New Zealand
MJ Horne,1997-2002,44,44,12,12,0,0,12,New Zealand
JS Patel,2005-2009,38,38,12,12,0,0,12,New Zealand
RT Latham,1990-1994,33,33,11,11,0,0,11,New Zealand
GM Turner,1973-1983,38,38,11,11,0,0,11,New Zealand
SB Doull,1992-2000,41,41,10,10,0,0,10,New Zealand
RJ Nicol,2011-2013,20,20,10,10,0,0,10,New Zealand
SB O'Connor,1997-2000,37,37,10,10,0,0,10,New Zealand
JM Parker,1974-1981,22,22,10,9,1,0,9,New Zealand
KJ Wadsworth,1973-1976,10,10,10,8,2,8,0,New Zealand
CM Kuggeleijn,1988-1989,16,16,9,9,0,0,9,New Zealand
W Watson,1986-1994,61,61,9,9,0,0,9,New Zealand
AR Adams,2001-2007,41,41,8,8,0,0,8,New Zealand
IG Butler,2002-2010,24,24,8,8,0,0,8,New Zealand
MG Burgess,1973-1981,24,24,7,7,0,0,7,New Zealand
GD Elliott,2008-2013,44,44,7,7,0,0,7,New Zealand
SR Gillespie,1986-1988,19,19,7,7,0,0,7,New Zealand
MN Hart,1994-2002,12,12,7,7,0,0,7,New Zealand
TWM Latham,2012-2013,12,12,7,6,1,3,3,New Zealand
CS Martin,2001-2008,19,19,7,7,0,0,7,New Zealand
C Pringle,1990-1995,61,61,7,7,0,0,7,New Zealand
CD Cumming,2003-2009,13,13,6,6,0,0,6,New Zealand
MR Gillespie,2006-2009,29,29,6,6,0,0,6,New Zealand
PD McGlashan,2009-2009,3,3,6,6,0,6,0,New Zealand
JFM Morrison,1975-1983,17,17,6,6,0,0,6,New Zealand
GI Allott,1997-2000,27,27,5,5,0,0,5,New Zealand
SL Boock,1978-1987,13,13,5,5,0,0,5,New Zealand
GN Edwards,1976-1981,6,6,5,5,0,2,3,New Zealand
BR Hartland,1992-1994,15,15,5,5,0,0,5,New Zealand
JDS Neesham,2013-2014,11,11,5,5,0,0,5,New Zealand
JF Reid,1980-1986,22,22,5,5,0,0,5,New Zealand
BGK Walker,2000-2002,11,11,5,5,0,0,5,New Zealand
BR Blair,1982-1986,13,13,4,4,0,0,4,New Zealand
BF Hastings,1973-1975,8,8,4,4,0,0,4,New Zealand
PA Hitchcock,2002-2008,12,12,4,4,0,0,4,New Zealand
MJ Mason,2003-2010,24,24,4,4,0,0,4,New Zealand
AF Milne,2012-2014,5,5,4,4,0,0,4,New Zealand
RH Vance,1988-1989,8,8,4,4,0,0,4,New Zealand
JTC Vaughan,1992-1996,17,17,4,4,0,0,4,New Zealand
JW Wilson,1993-2005,6,6,4,4,0,0,4,New Zealand
AM Ellis,2012-2013,14,14,3,3,0,0,3,New Zealand
DR Flynn,2008-2012,17,17,3,3,0,0,3,New Zealand
EJ Gray,1984-1988,10,10,3,3,0,0,3,New Zealand
HJ Howarth,1973-1975,6,6,3,3,0,0,3,New Zealand
PJ Ingram,2010-2010,7,7,3,3,0,0,3,New Zealand
AJ McKay,2010-2012,19,19,3,3,0,0,3,New Zealand
AJ Redmond,2009-2010,6,6,3,3,0,0,3,New Zealand
RB Reid,1988-1991,9,9,3,3,0,0,3,New Zealand
DA Stirling,1984-1984,6,6,3,3,0,0,3,New Zealand
PN Webb,1983-1984,5,5,3,3,0,3,0,New Zealand
HK Bennett,2010-2014,13,13,2,2,0,0,2,New Zealand
DAJ Bracewell,2011-2013,7,7,2,2,0,0,2,New Zealand
GE Bradburn,1990-2001,10,10,2,2,0,0,2,New Zealand
NT Broom,2009-2010,20,20,2,2,0,0,2,New Zealand
VR Brown,1988-1988,3,3,2,2,0,0,2,New Zealand
PG Coman,1973-1974,3,3,2,2,0,0,2,New Zealand
HT Davis,1994-1997,11,11,2,2,0,0,2,New Zealand
RP de Groen,1993-1994,10,10,2,2,0,0,0,New Zealand
AP Devcich,2013-2013,5,5,2,2,0,0,2,New Zealand
MW Douglas,1994-1995,6,6,2,2,0,0,2,New Zealand
DR Hadlee,1973-1976,9,9,2,2,0,0,2,New Zealand
LG Howell,1998-1998,12,12,2,2,0,0,2,New Zealand
MJ McClenaghan,2013-2014,20,20,2,2,0,0,2,New Zealand
BJ McKechnie,1975-1981,13,13,2,2,0,0,2,New Zealand
TS Nethula,2012-2012,5,5,2,2,0,0,2,New Zealand
RG Petrie,1990-1991,12,12,2,2,0,0,2,New Zealand
MW Priest,1990-1998,16,16,2,2,0,0,2,New Zealand
GK Robertson,1981-1989,10,10,2,2,0,0,2,New Zealand
HD Rutherford,2013-2013,4,4,2,2,0,0,2,New Zealand
GB Troup,1976-1985,22,22,2,2,0,0,2,New Zealand
MDJ Walker,2003-2003,3,3,2,2,0,0,2,New Zealand
PJ Wiseman,1998-2003,13,13,2,2,0,0,2,New Zealand
CJ Anderson,2013-2014,11,11,1,1,0,0,1,New Zealand
RW Anderson,1976-1978,2,2,1,1,0,0,1,New Zealand
MD Bates,2012-2012,2,2,1,1,0,0,1,New Zealand
MD Bell,1998-2001,7,7,1,1,0,0,1,New Zealand
TA Boult,2012-2013,7,7,1,1,0,0,1,New Zealand
DG Brownlie,2012-2012,3,3,1,1,0,0,1,New Zealand
TK Canning,2003-2005,4,4,1,1,0,0,1,New Zealand
RO Collinge,1973-1978,12,12,1,1,0,0,1,New Zealand
C de Grandhomme,2012-2012,1,1,1,1,0,0,0,New Zealand
RG Hart,2002-2002,2,2,1,1,0,1,0,New Zealand
RJ Kennedy,1996-1996,7,7,1,1,0,0,1,New Zealand
PE McEwan,1980-1985,15,15,1,1,0,0,1,New Zealand
JP Millmow,1990-1990,5,5,1,1,0,0,1,New Zealand
IE O'Brien,2008-2009,8,8,1,1,0,0,1,New Zealand
MHW Papps,2004-2005,6,6,1,1,0,0,1,New Zealand
NM Parker,1976-1976,1,1,1,1,0,0,1,New Zealand
AJ Penn,1997-2001,5,5,1,1,0,0,1,New Zealand
V Pollard,1973-1974,2,2,1,1,0,0,1,New Zealand
MH Richardson,2002-2002,4,4,1,1,0,0,1,New Zealand
ADG Roberts,1976-1976,1,1,1,1,0,0,1,New Zealand
LW Stott,1979-1979,1,1,1,1,0,0,1,New Zealand
ML Su'a,1992-1995,11,11,1,1,0,0,1,New Zealand
DJ White,1990-1990,3,3,1,1,0,0,1,New Zealand
WA Wisneski,2000-2000,2,2,1,1,0,0,1,New Zealand
GW Aldridge,2011-2011,2,2,0,0,0,0,0,New Zealand
MD Bailey,1998-1998,1,1,0,0,0,0,0,New Zealand
BP Bracewell,1978-1978,1,1,0,0,0,0,0,New Zealand
CE Bulfin,1999-1999,2,2,0,0,0,0,0,New Zealand
BE Congdon,1973-1978,8,8,0,0,0,0,0,New Zealand
CJ Drum,1999-1999,4,4,0,0,0,0,0,New Zealand
TJ Franklin,1983-1988,3,3,0,0,0,0,0,New Zealand
BG Hadlee,1975-1975,1,1,0,0,0,0,0,New Zealand
LJ Hamilton,2005-2005,2,2,0,0,0,0,0,New Zealand
RT Hart,1985-1985,1,1,0,0,0,0,0,New Zealand
MJ Haslam,1992-1992,1,1,0,0,0,0,0,New Zealand
RL Hayes,1995-1995,1,1,0,0,0,0,0,New Zealand
MJ Henry,2014-2014,1,1,0,0,0,0,0,New Zealand
PA Horne,1987-1987,4,4,0,0,0,0,0,New Zealand
RA Jones,2003-2003,5,5,0,0,0,0,0,New Zealand
JAH Marshall,2005-2008,10,10,0,0,0,0,0,New Zealand
C Munro,2013-2013,6,6,0,0,0,0,0,New Zealand
DJ Murray,1994-1994,1,1,0,0,0,0,0,New Zealand
DR O'Sullivan,1974-1976,3,3,0,0,0,0,0,New Zealand
MB Owens,1992-1992,1,1,0,0,0,0,0,New Zealand
RE Redmond,1973-1973,1,1,0,0,0,0,0,New Zealand
SJ Roberts,1990-1990,2,2,0,0,0,0,0,New Zealand
SL Stewart,2010-2010,4,4,0,0,0,0,0,New Zealand
GP Sulzberger,2000-2000,3,3,0,0,0,0,0,New Zealand
AR Tait,1998-1999,5,5,0,0,0,0,0,New Zealand
BR Taylor,1973-1973,1,1,0,0,0,0,0,New Zealand
EP Thompson,2009-2009,1,1,0,0,0,0,0,New Zealand
GE Vivian,1973-1973,1,1,0,0,0,0,0,New Zealand
KP Walmsley,2003-2003,2,2,0,0,0,0,0,New Zealand
RJ Webb,1983-1983,3,3,0,0,0,0,0,New Zealand
LJ Woodcock,2011-2011,4,4,0,0,0,0,0,New Zealand
MS Dhoni,2004-2014,240,237,298,221,77,221,0,India
R Dravid,1996-2011,340,337,210,196,14,72,124,India
M Azharuddin,1985-2000,334,332,156,156,0,0,156,India
NR Mongia,1994-2000,140,139,154,110,44,110,0,India
SR Tendulkar,1989-2012,463,456,140,140,0,0,140,India
SC Ganguly,1992-2007,308,306,99,99,0,0,99,India
Yuvraj Singh,2000-2013,290,285,92,92,0,0,92,India
KS More,1984-1993,94,93,90,63,27,63,0,India
V Sehwag,1999-2013,241,236,90,90,0,0,90,India
A Kumble,1990-2007,269,266,85,85,0,0,85,India
SK Raina,2005-2014,189,188,80,80,0,0,80,India
N Kapil Dev,1978-1994,225,222,71,71,0,0,71,India
Harbhajan Singh,1998-2011,227,222,69,69,0,0,69,India
V Kohli,2008-2014,134,134,62,62,0,0,62,India
A Jadeja,1992-2000,196,195,59,59,0,0,59,India
KD Karthik,2004-2014,71,71,56,49,7,30,19,India
M Kaif,2002-2006,125,122,55,55,0,0,55,India
AB Agarkar,1998-2007,191,188,52,52,0,0,52,India
Z Khan,2000-2012,194,191,43,43,0,0,43,India
RG Sharma,2007-2014,123,122,42,42,0,0,42,India
K Srikkanth,1981-1992,146,145,42,42,0,0,42,India
RJ Shastri,1981-1992,150,148,40,40,0,0,40,India
VVS Laxman,1998-2006,86,85,39,39,0,0,39,India
PA Patel,2003-2012,38,36,39,30,9,30,0,India
BKV Prasad,1994-2001,161,160,37,37,0,0,37,India
DB Vengsarkar,1976-1991,129,127,37,37,0,0,37,India
G Gambhir,2003-2013,147,144,36,36,0,0,36,India
RA Jadeja,2009-2014,101,101,36,36,0,0,36,India
SMH Kirmani,1976-1986,49,48,36,27,9,27,0,India
RR Singh,1989-2001,136,135,33,33,0,0,33,India
J Srinath,1991-2003,229,227,32,32,0,0,32,India
SS Karim,1997-2000,34,34,30,27,3,27,0,India
CS Pandit,1986-1992,36,36,30,15,15,15,0,India
M Prabhakar,1984-1996,130,128,27,27,0,0,27,India
V Dahiya,2000-2001,19,19,24,19,5,19,0,India
SS Dighe,2000-2001,23,23,24,19,5,19,0,India
S Viswanath,1985-1988,22,22,24,17,7,17,0,India
M Amarnath,1975-1989,85,84,23,23,0,0,23,India
SV Manjrekar,1988-1996,74,74,23,23,0,0,23,India
R Ashwin,2010-2014,79,79,22,22,0,0,22,India
SM Gavaskar,1974-1987,108,107,22,22,0,0,22,India
D Mongia,2001-2007,57,56,21,21,0,0,21,India
IK Pathan,2004-2012,120,118,21,21,0,0,21,India
MSK Prasad,1998-1999,17,17,21,14,7,14,0,India
NS Sidhu,1987-1998,136,135,20,20,0,0,20,India
SB Joshi,1996-2001,69,68,19,19,0,0,19,India
V Yadav,1992-1994,19,19,19,12,7,12,0,India
S Madan Lal,1974-1987,67,65,18,18,0,0,18,India
Maninder Singh,1983-1993,59,58,18,18,0,0,18,India
A Nehra,2001-2011,117,117,17,17,0,0,17,India
YK Pathan,2008-2012,57,56,17,17,0,0,17,India
N Chopra,1998-2000,39,38,16,16,0,0,16,India
A Ratra,2002-2002,12,12,16,11,5,11,0,India
I Sharma,2007-2014,72,71,16,16,0,0,16,India
VG Kambli,1991-2000,104,101,15,15,0,0,15,India
RV Uthappa,2006-2008,38,37,15,15,0,0,15,India
S Dhawan,2010-2014,39,39,14,14,0,0,14,India
HH Kanitkar,1997-2000,34,34,14,14,0,0,14,India
HK Badani,2000-2004,40,40,13,13,0,0,13,India
RP Singh,2005-2011,58,58,13,13,0,0,13,India
PK Amre,1991-1994,37,36,12,12,0,0,12,India
RMH Binny,1980-1987,72,70,12,12,0,0,12,India
B Kumar,2012-2014,35,35,12,12,0,0,12,India
AM Rahane,2011-2014,27,27,12,12,0,0,12,India
L Balaji,2002-2009,30,30,11,11,0,0,11,India
P Kumar,2007-2012,68,67,11,11,0,0,11,India
MM Patel,2006-2011,70,68,11,11,0,0,11,India
SM Patil,1980-1986,45,44,11,11,0,0,11,India
RK Chauhan,1993-1997,35,34,10,10,0,0,10,India
M Kartik,2002-2007,37,37,10,10,0,0,10,India
R Lamba,1986-1989,32,32,10,10,0,0,10,India
DS Mohanty,1997-2001,45,44,10,10,0,0,10,India
Yashpal Sharma,1978-1985,42,42,10,10,0,0,10,India
PP Chawla,2007-2011,25,25,9,9,0,0,9,India
RS Sodhi,2000-2002,18,18,9,9,0,0,9,India
SC Khanna,1979-1984,10,9,8,4,4,4,0,India
Mohammed Shami,2013-2014,29,29,8,8,0,0,8,India
SLV Raju,1990-1996,53,52,8,8,0,0,8,India
M Vijay,2010-2013,14,14,8,8,0,0,8,India
KBJ Azad,1980-1986,25,24,7,7,0,0,7,India
PP Ojha,2008-2012,18,18,7,7,0,0,7,India
C Sharma,1983-1994,65,64,7,7,0,0,7,India
SK Sharma,1988-1990,23,23,7,7,0,0,7,India
L Sivaramakrishnan,1985-1987,16,16,7,7,0,0,7,India
S Sreesanth,2005-2011,53,52,7,7,0,0,7,India
AD Gaekwad,1975-1987,15,14,6,6,0,0,6,India
Harvinder Singh,1997-2001,16,16,6,6,0,0,6,India
JJ Martin,1999-2001,10,10,6,6,0,0,6,India
WP Saha,2010-2010,3,3,6,6,0,6,0,India
AK Sharma,1988-1993,31,31,6,6,0,0,6,India
Y Venugopal Rao,2005-2006,16,16,6,6,0,0,6,India
R Vinay Kumar,2010-2013,31,31,6,6,0,0,6,India
Arshad Ayub,1987-1990,32,32,5,5,0,0,5,India
RS Gavaskar,2004-2004,11,11,5,5,0,0,5,India
BS Sandhu,1982-1984,22,21,5,5,0,0,5,India
UT Yadav,2010-2013,28,28,5,5,0,0,5,India
J Arun Lal,1982-1989,13,13,4,4,0,0,4,India
SB Bangar,2002-2004,15,15,4,4,0,0,4,India
AC Bedade,1994-1994,13,12,4,4,0,0,4,India
BS Bedi,1974-1979,10,10,4,4,0,0,4,India
FM Engineer,1974-1975,5,5,4,3,1,3,0,India
A Kuruvilla,1997-1997,25,25,4,4,0,0,4,India
AO Malhotra,1982-1986,20,20,4,4,0,0,4,India
A Mishra,2003-2014,23,22,4,4,0,0,4,India
GAHM Parkar,1982-1984,10,8,4,4,0,0,4,India
V Rathour,1996-1997,7,7,4,4,0,0,4,India
V Razdan,1989-1990,3,3,4,4,0,0,4,India
RL Sanghvi,1998-1998,10,10,4,4,0,0,4,India
S Venkataraghavan,1974-1983,15,15,4,4,0,0,4,India
R Vijay Bharadwaj,1999-2002,10,10,4,4,0,0,4,India
SV Bahutule,1997-2003,8,8,3,3,0,0,3,India
ST Banerjee,1991-1992,6,6,3,3,0,0,3,India
CPS Chauhan,1978-1981,7,7,3,3,0,0,3,India
D Dasgupta,2001-2001,5,5,3,2,1,2,0,India
DR Doshi,1980-1982,15,15,3,3,0,0,3,India
Joginder Sharma,2004-2007,4,4,3,3,0,0,3,India
AR Khurasiya,1999-2001,12,12,3,3,0,0,3,India
T Kumaran,1999-2000,8,8,3,3,0,0,3,India
RR Powar,2004-2007,31,30,3,3,0,0,3,India
S Ramesh,1999-1999,24,23,3,3,0,0,3,India
VRV Singh,2006-2006,2,2,3,3,0,0,3,India
MK Tiwary,2008-2012,8,8,3,3,0,0,3,India
GR Viswanath,1974-1982,25,25,3,3,0,0,3,India
Jai P Yadav,2002-2005,12,12,3,3,0,0,3,India
SA Ankola,1989-1997,20,20,2,2,0,0,2,India
S Badrinath,2008-2011,7,7,2,2,0,0,2,India
KD Ghavri,1975-1981,19,19,2,2,0,0,2,India
ND Hirwani,1988-1992,18,18,2,2,0,0,2,India
P Krishnamurthy,1976-1976,1,1,2,1,1,1,0,India
NM Kulkarni,1997-1998,10,10,2,2,0,0,2,India
RR Kulkarni,1983-1987,10,10,2,2,0,0,2,India
JV Paranjpe,1998-1998,4,4,2,2,0,0,2,India
LS Rajput,1985-1987,4,4,2,2,0,0,2,India
WV Raman,1988-1996,27,27,2,2,0,0,2,India
B Reddy,1978-1981,3,3,2,2,0,2,0,India
AM Salvi,2003-2003,4,4,2,2,0,0,2,India
Sarandeep Singh,2002-2003,5,5,2,2,0,0,2,India
G Sharma,1985-1987,11,11,2,2,0,0,2,India
ED Solkar,1974-1976,7,7,2,2,0,0,2,India
SS Tiwary,2010-2010,3,3,2,2,0,0,2,India
PS Vaidya,1995-1996,4,4,2,2,0,0,2,India
AS Wassan,1990-1991,9,9,2,2,0,0,2,India
B Yograj Singh,1980-1981,6,6,2,2,0,0,2,India
VR Aaron,2011-2014,8,8,1,1,0,0,1,India
S Amarnath,1978-1978,3,3,1,1,0,0,1,India
U Chatterjee,1995-1995,3,3,1,1,0,0,1,India
AB Dinda,2010-2013,13,13,1,1,0,0,1,India
Gursharan Singh,1990-1990,1,1,1,1,0,0,1,India
AR Kapoor,1995-2000,17,17,1,1,0,0,1,India
A Mithun,2010-2011,5,5,1,1,0,0,1,India
SP Mukherjee,1990-1991,3,3,1,1,0,0,1,India
SV Nayak,1981-1982,4,4,1,1,0,0,1,India
NV Ojha,2010-2010,1,1,1,0,1,0,0,India
Pankaj Singh,2010-2010,1,1,1,1,0,0,1,India
AK Patel,1984-1985,8,7,1,1,0,0,1,India
BP Patel,1974-1979,10,10,1,1,0,0,1,India
MM Sharma,2013-2013,5,5,1,1,0,0,1,India
R Sharma,2011-2012,4,4,1,1,0,0,1,India
LR Shukla,1999-1999,3,3,1,1,0,0,1,India
S Sriram,2000-2004,8,8,1,1,0,0,1,India
R Sudhakar Rao,1976-1976,1,1,1,1,0,0,1,India
S Tyagi,2009-2010,4,4,1,1,0,0,1,India
AL Wadekar,1974-1974,2,2,1,1,0,0,1,India
NS Yadav,1986-1987,7,7,1,1,0,0,1,India
S Abid Ali,1974-1975,5,5,0,0,0,0,0,India
B Arun,1986-1987,4,4,0,0,0,0,0,India
A Bhandari,2000-2004,2,2,0,0,0,0,0,India
Bhupinder Singh snr,1994-1994,2,2,0,0,0,0,0,India
STR Binny,2014-2014,2,2,0,0,0,0,0,India
GK Bose,1974-1974,1,1,0,0,0,0,0,India
BS Chandrasekhar,1976-1976,1,1,0,0,0,0,0,India
VB Chandrasekhar,1988-1990,7,7,0,0,0,0,0,India
SS Das,2001-2002,4,4,0,0,0,0,0,India
NA David,1997-1997,4,4,0,0,0,0,0,India
P Dharmani,1996-1996,1,1,0,0,0,0,0,India
DJ Gandhi,1999-2000,3,3,0,0,0,0,0,India
D Ganesh,1997-1997,1,1,0,0,0,0,0,India
RS Ghai,1984-1986,6,6,0,0,0,0,0,India
MS Gony,2008-2008,2,2,0,0,0,0,0,India
W Jaffer,2006-2006,2,2,0,0,0,0,0,India
AV Kale,2003-2003,1,1,0,0,0,0,0,India
GK Khoda,1998-1998,2,2,0,0,0,0,0,India
AV Mankad,1974-1974,1,1,0,0,0,0,0,India
PL Mhambrey,1996-1998,3,3,0,0,0,0,0,India
SS Naik,1974-1974,2,2,0,0,0,0,0,India
AM Nayar,2009-2009,3,3,0,0,0,0,0,India
GK Pandey,1999-1999,2,2,0,0,0,0,0,India
RGM Patel,1988-1988,1,1,0,0,0,0,0,India
CA Pujara,2013-2013,2,2,0,0,0,0,0,India
Randhir Singh,1981-1983,2,2,0,0,0,0,0,India
SS Raul,1998-1998,2,2,0,0,0,0,0,India
AT Rayudu,2013-2014,10,10,0,0,0,0,0,India
TAP Sekhar,1983-1985,4,4,0,0,0,0,0,India
PH Sharma,1976-1976,2,2,0,0,0,0,0,India
RP Singh,1986-1986,2,2,0,0,0,0,0,India
S Somasunder,1996-1996,2,2,0,0,0,0,0,India
TE Srinivasan,1980-1981,2,2,0,0,0,0,0,India
JD Unadkat,2013-2013,7,7,0,0,0,0,0,India
M Venkataramana,1988-1988,1,1,0,0,0,0,0,India
 T Yohannan,2002-2002,3,3,0,0,0,0,0,India
Moin Khan,1990-2004,219,217,287,214,73,214,0,Pakistan
Rashid Latif,1992-2003,166,164,220,182,38,182,0,Pakistan
Kamran Akmal,2002-2013,154,151,187,156,31,156,0,Pakistan
Younis Khan,2000-2013,253,248,131,131,0,5,126,Pakistan
Shahid Afridi,1996-2014,373,367,119,119,0,0,119,Pakistan
Inzamam-ul-Haq ,1991-2007,375,370,113,113,0,0,113,Pakistan
Saleem Yousuf,1982-1990,86,86,103,81,22,81,0,Pakistan
Ijaz Ahmed,1986-2000,250,249,90,90,0,0,90,Pakistan
Wasim Akram,1984-2003,356,352,88,88,0,0,88,Pakistan
Saleem Malik,1982-1999,283,277,81,81,0,1,80,Pakistan
Shoaib Malik,1999-2013,216,214,75,75,0,0,75,Pakistan
Javed Miandad,1975-1996,233,229,73,71,2,1,70,Pakistan
Umar Akmal,2009-2014,94,92,72,59,13,34,25,Pakistan
Misbah-ul-Haq ,2002-2014,146,144,63,63,0,0,63,Pakistan
Wasim Bari,1973-1984,51,50,62,52,10,52,0,Pakistan
Mohammad Yousuf,1998-2010,281,278,55,55,0,0,55,Pakistan
Mohammad Hafeez,2003-2014,146,144,51,51,0,0,51,Pakistan
Aamer Sohail,1990-2000,156,154,49,49,0,0,49,Pakistan
Saeed Anwar,1989-2003,247,242,42,42,0,0,42,Pakistan
Saqlain Mushtaq,1995-2003,169,166,40,40,0,0,40,Pakistan
Azhar Mahmood,1996-2007,143,140,37,37,0,0,37,Pakistan
Imran Khan,1974-1992,175,172,36,36,0,0,36,Pakistan
Abdul Razzaq,1996-2011,261,258,35,35,0,0,35,Pakistan
Waqar Younis,1989-2003,262,259,35,35,0,0,35,Pakistan
Rameez Raja,1985-1997,198,193,33,33,0,0,33,Pakistan
Mushtaq Ahmed,1989-2003,144,144,30,30,0,0,30,Pakistan
Sarfraz Ahmed,2007-2013,26,25,29,19,10,19,0,Pakistan
Imran Nazir,1999-2009,79,78,26,26,0,0,26,Pakistan
Saeed Ajmal,2008-2014,110,109,25,25,0,0,25,Pakistan
Aaqib Javed,1988-1998,163,159,24,24,0,0,24,Pakistan
Wasim Raja,1973-1985,54,52,24,24,0,0,24,Pakistan
Zulqarnain ,1985-1989,16,14,23,18,5,18,0,Pakistan
Abdul Qadir,1983-1993,104,102,21,21,0,0,21,Pakistan
Manzoor Elahi,1984-1995,54,54,21,21,0,0,21,Pakistan
Mudassar Nazar,1977-1989,122,119,21,21,0,0,21,Pakistan
Ashraf Ali,1980-1985,16,16,20,17,3,17,0,Pakistan
Salman Butt,2004-2010,78,77,20,20,0,0,20,Pakistan
Shoaib Akhtar,1998-2011,158,157,20,20,0,0,20,Pakistan
Akram Raza,1989-1995,49,49,19,19,0,0,19,Pakistan
Mohammad Sami,2001-2012,85,84,19,19,0,0,19,Pakistan
Asif Mujtaba,1986-1996,66,66,18,18,0,0,18,Pakistan
Ahmed Shehzad,2009-2014,45,44,17,17,0,0,17,Pakistan
Aamer Malik,1988-1994,24,24,16,13,3,10,3,Pakistan
Naved-ul-Hasan ,2003-2010,74,72,16,16,0,0,16,Pakistan
Zaheer Abbas,1974-1985,62,60,16,16,0,0,16,Pakistan
Anil Dalpat,1984-1986,15,14,15,13,2,13,0,Pakistan
Basit Ali,1993-1996,50,49,15,15,0,0,15,Pakistan
Umar Gul,2003-2014,124,122,15,15,0,0,15,Pakistan
Imran Farhat,2001-2013,58,58,14,14,0,0,14,Pakistan
Mansoor Akhtar,1980-1990,41,40,14,14,0,0,14,Pakistan
Yasir Hameed,2003-2007,56,56,14,14,0,0,14,Pakistan
Mohsin Khan,1977-1986,75,73,13,13,0,0,13,Pakistan
Shoaib Mohammad,1984-1993,63,62,13,13,0,0,13,Pakistan
Sohail Tanvir,2007-2013,58,56,13,13,0,0,13,Pakistan
Nasir Jamshed,2008-2013,43,43,12,12,0,0,12,Pakistan
Tahir Naqqash,1980-1985,40,38,11,11,0,0,11,Pakistan
Arshad Khan,1993-2006,58,57,10,10,0,0,10,Pakistan
Asad Shafiq,2010-2013,46,45,10,10,0,0,10,Pakistan
Iftikhar Anjum,2004-2010,62,61,10,10,0,0,10,Pakistan
Mohammad Salman,2011-2011,7,7,10,8,2,8,0,Pakistan
Saleem Elahi,1995-2004,48,47,10,10,0,0,10,Pakistan
Shabbir Ahmed,1999-2005,32,32,10,10,0,0,10,Pakistan
Tauseef Ahmed,1982-1990,70,68,10,10,0,0,10,Pakistan
Wahab Riaz,2008-2013,39,38,10,10,0,0,10,Pakistan
Fawad Alam,2007-2014,29,29,9,9,0,0,9,Pakistan
Mohammad Wasim,1996-2000,25,25,9,9,0,0,9,Pakistan
Taufeeq Umar,2001-2011,22,22,9,9,0,0,9,Pakistan
Mohammad Akram,1995-2000,23,21,8,8,0,0,8,Pakistan
Sarfraz Nawaz,1973-1984,45,45,8,8,0,0,8,Pakistan
Abdur Rehman,2006-2014,31,31,7,7,0,0,7,Pakistan
Asif Iqbal,1973-1979,10,10,7,7,0,0,7,Pakistan
Humayun Farhat,2001-2001,5,5,7,4,3,4,0,Pakistan
Mohammad Amir,2009-2010,15,15,6,6,0,0,6,Pakistan
Sohaib Maqsood,2013-2014,14,14,6,6,0,0,6,Pakistan
Junaid Khan,2011-2014,46,46,5,5,0,0,5,Pakistan
Mohammad Hussain,1997-1998,14,13,5,5,0,0,5,Pakistan
Mohammad Irfan,2010-2013,27,27,5,5,0,0,5,Pakistan
Sadiq Mohammad,1973-1980,19,19,5,5,0,0,5,Pakistan
Wajahatullah Wasti,1999-2000,15,15,5,5,0,0,5,Pakistan
Atiq-uz-Zaman ,2000-2000,3,3,4,3,1,3,0,Pakistan
Mohsin Kamal,1984-1989,19,19,4,4,0,0,4,Pakistan
Qasim Umar,1983-1987,31,30,4,4,0,0,4,Pakistan
Shahid Nazir,1996-2000,17,17,4,4,0,0,4,Pakistan
Sikander Bakht,1977-1989,27,27,4,4,0,0,4,Pakistan
Adnan Akmal,2011-2012,5,5,3,3,0,3,0,Pakistan
Azeem Hafeez,1983-1985,15,15,3,3,0,0,3,Pakistan
Faisal Iqbal,2000-2006,18,18,3,3,0,0,3,Pakistan
Hammad Azam,2011-2012,8,8,3,3,0,0,3,Pakistan
Haroon Rasheed,1977-1982,12,12,3,3,0,0,3,Pakistan
Iqbal Qasim,1977-1988,15,15,3,3,0,0,3,Pakistan
Khurram Manzoor,2008-2009,7,7,3,3,0,0,3,Pakistan
Majid Khan,1973-1982,23,23,3,3,0,0,3,Pakistan
Mohammad Asif,2005-2010,35,33,3,3,0,0,3,Pakistan
Mushtaq Mohammad,1973-1978,10,10,3,3,0,0,3,Pakistan
Rashid Khan,1980-1985,29,28,3,3,0,0,3,Pakistan
Saleem Jaffar,1986-1990,39,39,3,3,0,0,3,Pakistan
Umar Amin,2010-2013,14,14,3,3,0,0,3,Pakistan
Abdur Rauf,2008-2008,4,4,2,2,0,0,2,Pakistan
Aizaz Cheema,2011-2012,14,14,2,2,0,0,2,Pakistan
Azam Khan,1996-1998,6,6,2,2,0,0,2,Pakistan
Azhar Ali,2011-2013,14,13,2,2,0,0,2,Pakistan
Danish Kaneria,2001-2007,18,18,2,2,0,0,2,Pakistan
Haris Sohail,2013-2013,4,4,2,2,0,0,2,Pakistan
Ijaz Faqih,1980-1988,27,27,2,2,0,0,2,Pakistan
Mohammad Khalil,2005-2005,3,3,2,2,0,0,2,Pakistan
Naved Latif,2001-2003,11,11,2,2,0,0,2,Pakistan
Pervez Mir,1975-1977,3,3,2,2,0,0,2,Pakistan
Rizwan-uz-Zaman ,1981-1987,3,3,2,2,0,0,2,Pakistan
Saeed Azad,1995-1996,4,4,2,2,0,0,2,Pakistan
Shahid Saeed,1989-1993,10,10,2,2,0,0,2,Pakistan
Sharjeel Khan,2013-2014,9,9,2,2,0,0,2,Pakistan
Taslim Arif,1980-1980,2,2,2,1,1,0,1,Pakistan
Yasir Arafat,2000-2009,11,11,2,2,0,0,2,Pakistan
Zahid Fazal,1990-1994,19,19,2,2,0,0,2,Pakistan
Zahoor Elahi,1996-1997,14,14,2,2,0,0,2,Pakistan
Zulqarnain Haider,2010-2010,4,4,2,1,1,1,0,Pakistan
Aamer Hameed,1977-1978,2,2,1,1,0,0,1,Pakistan
Asif Masood,1973-1976,7,7,1,1,0,0,1,Pakistan
Bazid Khan,2004-2008,5,5,1,1,0,0,1,Pakistan
Hasan Jamil,1977-1978,6,6,1,1,0,0,1,Pakistan
Hasan Raza,1996-1999,16,15,1,1,0,0,1,Pakistan
Ijaz Ahmed jnr,1997-1997,2,2,1,1,0,0,1,Pakistan
Imran Abbas,2000-2000,2,2,1,1,0,0,1,Pakistan
Irfan Bhatti,1993-1993,1,1,1,1,0,0,1,Pakistan
Jalal-ud-Din ,1982-1983,8,7,1,1,0,0,1,Pakistan
Javed Qadeer,1995-1995,1,1,1,1,0,1,0,Pakistan
Kabir Khan,1994-2000,10,9,1,1,0,0,1,Pakistan
Khalid Latif,2008-2010,5,5,1,1,0,0,1,Pakistan
Manzoor Akhtar,1997-1998,7,7,1,1,0,0,1,Pakistan
Mohammad Zahid,1996-2002,11,11,1,1,0,0,1,Pakistan
Naeem Ahmed,1978-1978,1,1,1,1,0,0,1,Pakistan
Rizwan Ahmed,2008-2008,1,1,1,1,0,0,1,Pakistan
Saadat Ali,1984-1984,8,8,1,1,0,0,1,Pakistan
Sajid Ali,1984-1997,13,13,1,1,0,0,1,Pakistan
Saleem Altaf,1973-1978,6,6,1,1,0,0,1,Pakistan
Shadab Kabir,1996-1996,3,3,1,1,0,0,1,Pakistan
Shafiq Ahmed,1977-1978,3,3,1,1,0,0,1,Pakistan
Shahid Mahboob,1982-1984,10,10,1,1,0,0,1,Pakistan
Sohail Fazal,1989-1989,2,2,1,1,0,0,1,Pakistan
Tanvir Ahmed,2011-2011,2,2,1,1,0,0,1,Pakistan
Usman Salahuddin,2011-2011,2,2,1,1,0,0,1,Pakistan
Younis Ahmed,1987-1987,2,2,1,1,0,0,1,Pakistan
Zafar Iqbal,1995-1995,8,8,1,1,0,0,1,Pakistan
Aamer Hanif,1993-1995,5,5,0,0,0,0,0,Pakistan
Aamer Nazir,1993-1995,9,9,0,0,0,0,0,Pakistan
Akhtar Sarfraz,1997-1998,4,4,0,0,0,0,0,Pakistan
Anwar Ali,2013-2014,5,5,0,0,0,0,0,Pakistan
Arshad Pervez,1978-1978,2,2,0,0,0,0,0,Pakistan
Asad Ali,2013-2013,4,4,0,0,0,0,0,Pakistan
Ashfaq Ahmed,1994-1994,3,3,0,0,0,0,0,Pakistan
Asif Mahmood,1998-1998,2,2,0,0,0,0,0,Pakistan
Ata-ur-Rehman ,1992-1996,30,30,0,0,0,0,0,Pakistan
Azmat Rana,1978-1978,2,2,0,0,0,0,0,Pakistan
Bilawal Bhatti,2013-2014,8,8,0,0,0,0,0,Pakistan
Ehsan Adil,2013-2013,2,2,0,0,0,0,0,Pakistan
Faisal Athar,2003-2003,1,1,0,0,0,0,0,Pakistan
Fazl-e-Akbar ,1998-2001,2,2,0,0,0,0,0,Pakistan
Ghulam Ali,1993-1995,3,3,0,0,0,0,0,Pakistan
Haafiz Shahid,1988-1988,3,3,0,0,0,0,0,Pakistan
Intikhab Alam,1973-1976,4,4,0,0,0,0,0,Pakistan
Iqbal Sikander,1992-1992,4,4,0,0,0,0,0,Pakistan
Irfan Fazil,2000-2000,1,1,0,0,0,0,0,Pakistan
Junaid Zia,2003-2003,4,4,0,0,0,0,0,Pakistan
Kamran Hussain,2008-2008,2,2,0,0,0,0,0,Pakistan
Kashif Raza,2001-2001,1,1,0,0,0,0,0,Pakistan
Liaqat Ali,1977-1978,3,3,0,0,0,0,0,Pakistan
Mahmood Hamid,1995-1995,1,1,0,0,0,0,0,Pakistan
Mansoor Amjad,2008-2008,1,1,0,0,0,0,0,Pakistan
Mansoor Rana,1990-1990,2,2,0,0,0,0,0,Pakistan
Maqsood Rana,1990-1990,1,1,0,0,0,0,0,Pakistan
Masood Iqbal,1984-1984,1,1,0,0,0,0,0,Pakistan
Mohammad Nazir,1980-1984,4,4,0,0,0,0,0,Pakistan
Mohammad Talha,2014-2014,3,3,0,0,0,0,0,Pakistan
Moin-ul-Atiq ,1988-1989,5,5,0,0,0,0,0,Pakistan
Mujahid Jamshed,1997-1997,4,4,0,0,0,0,0,Pakistan
Nadeem Ghauri,1990-1990,6,6,0,0,0,0,0,Pakistan
Nadeem Khan,1993-1995,2,2,0,0,0,0,0,Pakistan
Naeem Ashraf,1995-1995,2,2,0,0,0,0,0,Pakistan
Najaf Shah,2007-2007,1,1,0,0,0,0,0,Pakistan
Naseer Malik,1975-1975,3,3,0,0,0,0,0,Pakistan
Nasim-ul-Ghani ,1973-1973,1,1,0,0,0,0,0,Pakistan
Naumanullah ,2008-2008,1,1,0,0,0,0,0,Pakistan
Naved Anjum,1984-1992,13,13,0,0,0,0,0,Pakistan
Rahat Ali,2012-2012,1,1,0,0,0,0,0,Pakistan
Sajjad Akbar,1990-1990,2,2,0,0,0,0,0,Pakistan
Saleem Pervez,1980-1980,1,1,0,0,0,0,0,Pakistan
Samiullah Khan,2008-2008,2,2,0,0,0,0,0,Pakistan
Shahid Anwar,1996-1996,1,1,0,0,0,0,0,Pakistan
Shahzaib Hasan,2010-2010,3,3,0,0,0,0,0,Pakistan
Shakeel Ahmed jnr,1995-1995,2,2,0,0,0,0,0,Pakistan
Shakeel Khan,1987-1987,1,1,0,0,0,0,0,Pakistan
Sohail Khan,2008-2011,5,5,0,0,0,0,0,Pakistan
Tanvir Mehdi,1992-1992,1,1,0,0,0,0,0,Pakistan
Wasim Haider,1992-1992,3,3,0,0,0,0,0,Pakistan
Yasir Shah,2011-2011,1,1,0,0,0,0,0,Pakistan
Zahid Ahmed,1987-1987,2,2,0,0,0,0,0,Pakistan
Zakir Khan,1984-1990,17,16,0,0,0,0,0,Pakistan
MV Boucher,1998-2011,290,286,416,395,21,394,1,South Africa
DJ Richardson,1991-1998,122,121,165,148,17,148,0,South Africa
AB de Villiers,2005-2013,154,151,132,129,3,85,44,South Africa
JH Kallis,1996-2013,320,316,129,129,0,0,129,South Africa
HH Gibbs,1996-2010,248,246,108,108,0,0,108,South Africa
JN Rhodes,1992-2003,245,242,105,105,0,0,105,South Africa
GC Smith,2002-2013,196,195,105,105,0,0,105,South Africa
SM Pollock,1996-2008,294,291,104,104,0,0,104,South Africa
WJ Cronje,1992-2000,188,186,73,73,0,0,73,South Africa
DJ Cullinan,1993-2000,138,135,62,62,0,0,62,South Africa
G Kirsten,1993-2003,185,183,62,61,1,1,60,South Africa
JP Duminy,2004-2013,115,113,46,46,0,0,46,South Africa
BM McMillan,1991-1998,78,77,42,42,0,0,42,South Africa
HM Amla,2008-2013,85,83,40,40,0,0,40,South Africa
L Klusener,1996-2004,171,169,35,35,0,0,35,South Africa
J Botha,2005-2012,76,75,34,34,0,0,34,South Africa
N Boje,1995-2005,113,111,33,33,0,0,33,South Africa
HH Dippenaar,1999-2006,101,100,33,33,0,2,31,South Africa
JM Kemp,2001-2007,79,78,31,31,0,0,31,South Africa
M Ntini,1998-2009,172,170,30,30,0,0,30,South Africa
KC Wessels,1991-1994,55,54,30,30,0,0,30,South Africa
AJ Hall,1999-2007,88,87,29,29,0,0,29,South Africa
AA Donald,1991-2003,164,162,28,28,0,0,28,South Africa
F du Plessis,2011-2013,47,47,27,27,0,0,27,South Africa
RJ Peterson,2002-2013,77,77,27,27,0,0,27,South Africa
AG Prince,2002-2007,49,48,26,26,0,0,26,South Africa
Q de Kock,2013-2013,16,15,25,25,0,25,0,South Africa
PL Symcox,1993-1999,80,80,23,23,0,0,23,South Africa
ND McKenzie,2000-2009,64,64,21,21,0,0,21,South Africa
A Nel,2001-2008,79,77,21,21,0,0,21,South Africa
DW Steyn,2006-2013,77,76,21,21,0,0,21,South Africa
DN Crookes,1994-2000,32,32,20,20,0,0,20,South Africa
AC Hudson,1991-1997,89,88,18,18,0,0,18,South Africa
M Morkel,2007-2013,70,69,17,17,0,0,17,South Africa
PS de Villiers,1992-1997,83,82,15,15,0,0,15,South Africa
JA Morkel,2004-2012,56,56,15,15,0,0,15,South Africa
JL Ontong,2001-2012,27,26,14,14,0,0,14,South Africa
CA Ingram,2010-2013,31,31,12,12,0,0,12,South Africa
DA Miller,2010-2013,40,39,12,12,0,0,12,South Africa
PN Kirsten,1991-1994,40,40,11,11,0,0,11,South Africa
CK Langeveldt,2001-2010,72,71,11,11,0,0,11,South Africa
JA Rudolph,2003-2006,43,43,11,11,0,0,11,South Africa
R McLaren,2009-2013,40,39,10,10,0,0,10,South Africa
CR Matthews,1991-1997,56,55,10,10,0,0,10,South Africa
S Elworthy,1998-2002,39,38,9,9,0,0,9,South Africa
SJ Palframan,1996-1996,7,7,9,9,0,9,0,South Africa
LL Tsotsobe,2009-2013,61,60,9,9,0,0,9,South Africa
MN van Wyk,2003-2011,13,13,9,8,1,7,1,South Africa
MJR Rindel,1994-1999,22,22,8,8,0,0,8,South Africa
PR Adams,1996-2003,24,24,7,7,0,0,7,South Africa
RP Snell,1991-1996,42,42,7,7,0,0,7,South Africa
DJ Callaghan,1992-2000,29,28,6,6,0,0,6,South Africa
EO Simons,1994-1995,23,23,6,6,0,0,6,South Africa
Imran Tahir,2011-2013,13,12,5,5,0,0,5,South Africa
AN Petersen,2006-2013,21,21,5,5,0,0,5,South Africa
N Pothas,2000-2000,3,3,5,4,1,4,0,South Africa
ELR Stewart,1993-2002,6,6,5,5,0,5,0,South Africa
AM Bacher,1997-2005,13,13,4,4,0,0,4,South Africa
F Behardien,2013-2013,11,11,4,4,0,0,4,South Africa
M Hayward,1998-2002,21,21,4,4,0,0,4,South Africa
RK Kleinveldt,2013-2013,10,10,4,4,0,0,4,South Africa
WD Parnell,2009-2013,33,32,4,4,0,0,4,South Africa
VD Philander,2007-2013,13,12,4,4,0,0,4,South Africa
R Telemachus,1998-2006,37,37,4,4,0,0,4,South Africa
J Theron,2010-2010,4,4,4,4,0,0,4,South Africa
M van Jaarsveld,2002-2004,11,11,4,4,0,0,4,South Africa
DM Benkenstein,1998-2002,23,23,3,3,0,0,3,South Africa
LE Bosman,2006-2010,13,13,3,3,0,0,3,South Africa
CE Eksteen,1991-1994,6,6,3,3,0,0,3,South Africa
D Elgar,2012-2012,5,5,3,3,0,0,3,South Africa
SD Jack,1994-1995,2,2,3,3,0,0,3,South Africa
LJ Koen,1997-2000,5,5,3,3,0,0,3,South Africa
AP Kuiper,1991-1996,25,25,3,3,0,0,3,South Africa
DB Rundle,1994-1994,2,2,3,3,0,0,3,South Africa
PC Strydom,2000-2000,10,10,3,3,0,0,3,South Africa
RE van der Merwe,2009-2010,13,13,3,3,0,0,3,South Africa
JJ van der Wath,2006-2007,10,10,3,3,0,0,3,South Africa
M Zondeki,2002-2008,11,11,3,3,0,0,3,South Africa
KJ Abbott,2013-2013,2,2,2,2,0,0,2,South Africa
AC Dawson,1998-2004,19,19,2,2,0,0,2,South Africa
PL Harris,2008-2008,3,3,2,2,0,0,2,South Africa
MW Pringle,1992-1994,17,17,2,2,0,0,2,South Africa
TG Shaw,1991-1994,9,9,2,2,0,0,2,South Africa
HS Williams,1999-2000,7,7,2,2,0,0,2,South Africa
S Abrahams,2000-2000,1,1,1,1,0,0,1,South Africa
GH Bodi,2007-2007,2,2,1,1,0,0,1,South Africa
RE Bryson,1997-1997,7,7,1,1,0,0,1,South Africa
SJ Cook,1991-1993,4,4,1,1,0,0,1,South Africa
O Henry,1992-1992,3,3,1,1,0,0,1,South Africa
JC Kent,2002-2002,2,2,1,1,0,0,1,South Africa
GJP Kruger,2006-2006,3,3,1,1,0,0,1,South Africa
AG Puttick,2005-2005,1,1,1,1,0,0,1,South Africa
MW Rushmere,1992-1992,4,4,1,1,0,0,1,South Africa
VB van Jaarsveld,2009-2009,2,2,1,1,0,0,1,South Africa
M Yachad,1991-1991,1,1,1,1,0,0,1,South Africa
T Bosch,1992-1992,2,2,0,0,0,0,0,South Africa
H Davids,2013-2013,2,1,0,0,0,0,0,South Africa
M de Lange,2012-2012,1,1,0,0,0,0,0,South Africa
CW Henderson,2001-2001,4,4,0,0,0,0,0,South Africa
GFJ Liebenberg,1995-1998,4,4,0,0,0,0,0,South Africa
J Louw,2008-2008,3,3,0,0,0,0,0,South Africa
CH Morris,2013-2013,5,5,0,0,0,0,0,South Africa
PV Mpitsang,1999-1999,2,2,0,0,0,0,0,South Africa
AM Phangiso,2013-2013,5,5,0,0,0,0,0,South Africa
CEB Rice,1991-1991,3,3,0,0,0,0,0,South Africa
BN Schultz,1992-1992,1,1,0,0,0,0,0,South Africa
PJR Steyn,1995-1995,1,1,0,0,0,0,0,South Africa
DJ Terbrugge,2000-2000,4,4,0,0,0,0,0,South Africa
MS Tshabalala,2007-2007,4,4,0,0,0,0,0,South Africa
CJPG van Zyl,1992-1992,2,2,0,0,0,0,0,South Africa
CM Willoughby,2000-2003,3,3,0,0,0,0,0,South Africa
KC Sangakkara,2000-2014,362,355,443,358,85,339,19,Sri Lanka
RS Kaluwitharana,1990-2004,189,188,207,132,75,131,1,Sri Lanka
DPMD Jayawardene,1998-2014,407,402,196,196,0,0,196,Sri Lanka
M Muralitharan,1993-2011,343,340,128,128,0,0,128,Sri Lanka
ST Jayasuriya,1989-2011,441,437,123,123,0,0,123,Sri Lanka
RS Mahanama,1986-1999,213,212,109,109,0,0,109,Sri Lanka
TM Dilshan,1999-2014,277,272,106,105,1,5,100,Sri Lanka
PA de Silva,1984-2003,308,307,95,95,0,0,95,Sri Lanka
HP Tillakaratne,1986-2003,200,199,95,89,6,39,50,Sri Lanka
UDU Chandana,1994-2007,147,146,79,79,0,0,79,Sri Lanka
MS Atapattu,1990-2007,268,266,70,70,0,0,70,Sri Lanka
A Ranatunga,1982-1999,269,268,63,63,0,0,63,Sri Lanka
WPUJC Vaas,1994-2008,321,319,59,59,0,0,59,Sri Lanka
AP Gurusinha,1985-1996,147,147,49,49,0,2,47,Sri Lanka
RP Arnold,1997-2007,180,179,48,48,0,0,48,Sri Lanka
DSBP Kuruppu,1983-1990,54,54,38,30,8,26,4,Sri Lanka
HDPK Dharmasena,1994-2004,141,140,34,34,0,0,34,Sri Lanka
RS Kalpage,1992-1999,86,86,33,33,0,0,33,Sri Lanka
KMDN Kulasekara,2003-2014,147,145,33,33,0,0,33,Sri Lanka
WU Tharanga,2005-2013,170,164,33,33,0,0,33,Sri Lanka
AD Mathews,2008-2014,121,117,31,31,0,0,31,Sri Lanka
RG de Alwis,1983-1988,31,31,30,27,3,27,0,Sri Lanka
LD Chandimal,2010-2014,80,78,29,28,1,11,17,Sri Lanka
CK Kapugedera,2006-2012,92,90,29,29,0,0,29,Sri Lanka
CRD Fernando,2001-2012,146,145,27,27,0,0,27,Sri Lanka
NLTC Perera,2009-2014,75,72,27,27,0,0,27,Sri Lanka
GP Wickramasinghe,1990-2002,134,134,26,26,0,0,26,Sri Lanka
MF Maharoof,2004-2012,104,102,25,25,0,0,25,Sri Lanka
HDRL Thirimanne,2010-2014,62,60,24,24,0,0,24,Sri Lanka
SL Malinga,2004-2014,166,160,21,21,0,0,21,Sri Lanka
LPC Silva,1999-2011,75,73,20,20,0,0,20,Sri Lanka
SAR Silva,1984-1985,20,20,20,17,3,17,0,Sri Lanka
RS Madugalle,1979-1988,63,63,18,18,0,0,18,Sri Lanka
TT Samaraweera,1998-2011,53,51,17,17,0,0,17,Sri Lanka
RL Dias,1979-1987,58,58,16,16,0,0,16,Sri Lanka
SKL de Silva,1997-1997,11,11,15,9,6,9,0,Sri Lanka
LRD Mendis,1975-1989,79,79,14,14,0,0,14,Sri Lanka
JR Ratnayeke,1982-1990,78,78,14,14,0,0,14,Sri Lanka
PB Dassanayake,1993-1994,16,16,13,9,4,9,0,Sri Lanka
ALF de Mel,1982-1987,57,57,13,13,0,0,13,Sri Lanka
DA Gunawardene,1998-2006,61,61,13,13,0,0,13,Sri Lanka
DNT Zoysa,1997-2007,95,94,13,13,0,0,13,Sri Lanka
KSC de Silva,1996-2000,38,37,12,12,0,0,12,Sri Lanka
J Mubarak,2002-2013,40,40,12,12,0,0,12,Sri Lanka
SMSM Senanayake,2012-2014,28,27,12,12,0,0,12,Sri Lanka
CPH Ramanayake,1986-1995,62,62,11,11,0,0,11,Sri Lanka
RJ Ratnayake,1982-1993,70,70,11,11,0,0,11,Sri Lanka
SD Anurasiri,1986-1994,45,45,10,10,0,0,10,Sri Lanka
MDKJ Perera,2013-2014,27,26,10,10,0,6,4,Sri Lanka
HMCM Bandara,2006-2010,31,30,9,9,0,0,9,Sri Lanka
SI de Saram,1999-2001,15,15,9,9,0,0,9,Sri Lanka
HMRKB Herath,2004-2013,55,53,9,9,0,0,9,Sri Lanka
BAW Mendis,2008-2014,70,68,9,9,0,0,9,Sri Lanka
GF Labrooy,1986-1992,44,44,8,8,0,0,8,Sri Lanka
BMAJ Mendis,2010-2013,39,37,8,8,0,0,8,Sri Lanka
KR Pushpakumara,1994-1999,31,31,8,8,0,0,8,Sri Lanka
SHT Kandamby,2004-2011,38,37,7,7,0,0,7,Sri Lanka
AM de Silva,1986-1993,4,4,6,4,2,4,0,Sri Lanka
EAR de Silva,1986-1992,28,28,6,6,0,0,6,Sri Lanka
UC Hathurusingha,1992-1999,35,35,6,6,0,0,6,Sri Lanka
S Randiv,2009-2011,28,27,6,6,0,0,6,Sri Lanka
DK Liyanage,1992-2001,16,16,6,6,0,0,6,Sri Lanka
AGD Wickremasinghe,1992-1993,4,4,6,2,4,2,0,Sri Lanka
DS de Silva,1975-1985,41,41,5,5,0,0,5,Sri Lanka
RMS Eranga,2011-2013,13,12,5,5,0,0,5,Sri Lanka
WS Jayantha,2004-2004,17,17,5,5,0,0,5,Sri Lanka
HAPW Jayawardene,2003-2007,6,6,5,4,1,4,0,Sri Lanka
VB John,1982-1987,45,45,5,5,0,0,5,Sri Lanka
RAS Lakmal,2009-2014,25,24,5,5,0,0,5,Sri Lanka
KS Lokuarachchi,2003-2007,21,21,5,5,0,0,5,Sri Lanka
MAR Samarasekera,1983-1994,39,39,5,5,0,0,5,Sri Lanka
B Warnapura,1975-1982,12,12,5,5,0,0,5,Sri Lanka
PC de Silva,2014-2014,5,5,4,4,0,0,4,Sri Lanka
HM Goonatilleke,1982-1982,6,6,4,0,4,0,0,Sri Lanka
ASA Perera,1998-2001,20,20,4,4,0,0,4,Sri Lanka
SMA Priyanjan,2013-2014,7,7,4,4,0,0,4,Sri Lanka
T Thushara,2008-2010,38,38,4,4,0,0,4,Sri Lanka
LHD Dilhara,2005-2013,9,9,3,3,0,0,3,Sri Lanka
TCB Fernando,2001-2003,17,17,3,3,0,0,3,Sri Lanka
PW Gunaratne,2002-2003,23,23,3,3,0,0,3,Sri Lanka
MAWR Madurasinghe,1988-1992,12,12,3,3,0,0,3,Sri Lanka
RAP Nissanka,2001-2003,23,23,3,3,0,0,3,Sri Lanka
ARM Opatha,1975-1979,5,5,3,3,0,0,3,Sri Lanka
DP Samaraweera,1993-1994,5,5,3,3,0,0,3,Sri Lanka
APB Tennekoon,1975-1979,4,4,3,3,0,0,3,Sri Lanka
SM Warnapura,2007-2008,3,3,3,3,0,0,3,Sri Lanka
K Weeraratne,2000-2008,15,15,3,3,0,0,3,Sri Lanka
S Wettimuny,1982-1987,35,35,3,3,0,0,3,Sri Lanka
KIW Wijegunawardene,1988-1992,26,26,3,3,0,0,3,Sri Lanka
GRA de Silva,1975-1982,6,6,2,2,0,0,2,Sri Lanka
CI Dunusinghe,1995-1995,1,1,2,1,1,1,0,Sri Lanka
KHRK Fernando,2002-2006,7,7,2,2,0,0,2,Sri Lanka
D Gamage,2003-2003,3,3,2,2,0,0,2,Sri Lanka
JC Gamage,1995-1995,4,4,2,2,0,0,2,Sri Lanka
SMS Kaluperuma,1988-1988,2,2,2,2,0,0,2,Sri Lanka
MC Mendis,1995-1995,1,1,2,2,0,0,2,Sri Lanka
PDRL Perera,1999-2007,19,19,2,2,0,0,2,Sri Lanka
S Ranatunga,1994-1996,13,13,2,2,0,0,2,Sri Lanka
CP Senanayake,1990-1991,7,7,2,2,0,0,2,Sri Lanka
KEA Upashantha,1995-2001,12,12,2,2,0,0,2,Sri Lanka
KDK Vithanage,2013-2014,5,5,2,2,0,0,2,Sri Lanka
KPJ Warnaweera,1990-1993,6,6,2,2,0,0,2,Sri Lanka
UWMBCA Welegedara,2009-2010,10,9,2,2,0,0,2,Sri Lanka
RGCE Wijesuriya,1982-1985,8,8,2,2,0,0,2,Sri Lanka
MKDI Amerasinghe,2007-2008,8,8,1,1,0,0,1,Sri Lanka
JWHD Boteju,1999-1999,2,2,1,1,0,0,1,Sri Lanka
DLS de Silva,1979-1979,2,2,1,1,0,0,1,Sri Lanka
KADM Fernando,2003-2003,1,1,1,1,0,0,1,Sri Lanka
WCA Ganegama,2001-2006,4,4,1,1,0,0,1,Sri Lanka
PD Heyn,1975-1975,2,2,1,1,0,0,1,Sri Lanka
SA Jayasinghe,1979-1979,2,2,1,1,0,1,0,Sri Lanka
S Jeganathan,1983-1988,5,5,1,1,0,0,1,Sri Lanka
SHU Karnain,1984-1990,19,19,1,1,0,0,1,Sri Lanka
FDM Karunaratne,2011-2013,6,6,1,1,0,0,1,Sri Lanka
CKB Kulasekara,2011-2012,4,4,1,1,0,0,1,Sri Lanka
AK Perera,2013-2014,3,3,1,1,0,0,1,Sri Lanka
KTGD Prasad,2006-2014,13,13,1,1,0,0,1,Sri Lanka
S Prasanna,2011-2013,12,12,1,1,0,0,1,Sri Lanka
SK Ranasinghe,1986-1986,4,4,1,1,0,0,1,Sri Lanka
D Ranatunga,1990-1990,4,4,1,1,0,0,1,Sri Lanka
FS Ahangama,1985-1985,1,1,0,0,0,0,0,Sri Lanka
KN Amalean,1986-1988,8,8,0,0,0,0,0,Sri Lanka
MRCN Bandaratilleke,1998-1998,3,3,0,0,0,0,0,Sri Lanka
GN de Silva,1983-1985,4,4,0,0,0,0,0,Sri Lanka
N Pradeep,2012-2012,2,2,0,0,0,0,0,Sri Lanka
ER Fernando,1975-1975,3,3,0,0,0,0,0,Sri Lanka
ERNS Fernando,1983-1983,7,7,0,0,0,0,0,Sri Lanka
TL Fernando,1989-1989,1,1,0,0,0,0,0,Sri Lanka
UNK Fernando,1994-1994,2,2,0,0,0,0,0,Sri Lanka
IS Gallage,1999-2001,3,3,0,0,0,0,0,Sri Lanka
Y Goonasekera,1983-1983,3,3,0,0,0,0,0,Sri Lanka
FRMD Gunatilleke,1979-1979,1,1,0,0,0,0,0,Sri Lanka
AAW Gunawardena,1994-1994,1,1,0,0,0,0,0,Sri Lanka
PS Jayaprakashdaran,2005-2005,1,1,0,0,0,0,0,Sri Lanka
RSA Jayasekera,1982-1982,2,2,0,0,0,0,0,Sri Lanka
LWS Kaluperuma,1975-1982,4,4,0,0,0,0,0,Sri Lanka
MKGCP Lakshitha,2002-2003,7,7,0,0,0,0,0,Sri Lanka
AMN Munasinghe,1994-1996,5,5,0,0,0,0,0,Sri Lanka
MN Nawaz,1998-2002,3,3,0,0,0,0,0,Sri Lanka
SP Pasqual,1979-1979,2,2,0,0,0,0,0,Sri Lanka
KG Perera,1986-1986,1,1,0,0,0,0,0,Sri Lanka
MDK Perera,2007-2008,4,4,0,0,0,0,0,Sri Lanka
HSM Pieris,1975-1975,3,3,0,0,0,0,0,Sri Lanka
M Pushpakumara,2009-2010,3,2,0,0,0,0,0,Sri Lanka
AN Ranasinghe,1975-1982,9,9,0,0,0,0,0,Sri Lanka
N Ranatunga,1993-1993,2,2,0,0,0,0,0,Sri Lanka
NLK Ratnayake,1989-1990,2,2,0,0,0,0,0,Sri Lanka
KJ Silva,1995-1995,1,1,0,0,0,0,0,Sri Lanka
MH Tissera,1975-1975,3,3,0,0,0,0,0,Sri Lanka
I Udana,2012-2012,2,2,0,0,0,0,0,Sri Lanka
ML Udawatte,2008-2008,9,9,0,0,0,0,0,Sri Lanka
MG Vandort,2006-2006,1,1,0,0,0,0,0,Sri Lanka
DM Vonhagt,1985-1985,1,1,0,0,0,0,0,Sri Lanka
AP Weerakkody,1994-1994,1,1,0,0,0,0,0,Sri Lanka
S Weerakoon,2012-2012,2,2,0,0,0,0,0,Sri Lanka
MD Wettimuny,1983-1983,1,1,0,0,0,0,0,Sri Lanka
SRD Wettimuny,1975-1979,3,3,0,0,0,0,0,Sri Lanka
RPAH Wickramaratne,1993-1993,3,3,0,0,0,0,0,Sri Lanka
A Dananjaya,2012-2012,1,0,0,0,0,0,0,Sri Lanka
PJL Dujon,1981-1991,169,168,204,183,21,183,0,West Indies
RD Jacobs,1996-2004,147,145,189,160,29,160,0,West Indies
D Ramdin,2005-2014,109,107,149,143,6,143,0,West Indies
CL Hooper,1987-2003,227,225,120,120,0,0,120,West Indies
BC Lara,1990-2007,295,292,117,117,0,0,117,West Indies
CH Gayle,1999-2013,252,247,107,107,0,0,107,West Indies
IVA Richards,1975-1991,187,186,100,100,0,0,100,West Indies
RB Richardson,1983-1996,224,222,75,75,0,0,75,West Indies
JC Adams,1992-2001,127,127,73,68,5,26,42,West Indies
S Chanderpaul,1994-2011,268,264,73,73,0,0,73,West Indies
DJ Bravo,2004-2014,158,155,72,72,0,0,72,West Indies
CO Browne,1995-2005,46,46,68,59,9,59,0,West Indies
AL Logie,1981-1993,158,158,61,61,0,0,61,West Indies
DL Haynes,1978-1994,238,236,59,59,0,0,59,West Indies
DJG Sammy,2004-2014,111,109,58,58,0,0,58,West Indies
RA Harper,1983-1996,105,105,55,55,0,0,55,West Indies
PV Simmons,1987-1999,143,143,55,55,0,0,55,West Indies
JR Murray,1992-1999,55,55,53,46,7,44,2,West Indies
CS Baugh,2003-2012,47,46,51,39,12,39,0,West Indies
CEL Ambrose,1988-2000,176,175,45,45,0,0,45,West Indies
CG Greenidge,1975-1991,128,127,45,45,0,0,45,West Indies
KA Pollard,2007-2013,85,83,45,45,0,0,45,West Indies
RR Sarwan,2000-2013,181,176,45,45,0,0,45,West Indies
D Williams,1988-1997,36,35,45,35,10,35,0,West Indies
RL Powell,1999-2005,109,107,43,43,0,0,43,West Indies
MN Samuels,2000-2014,159,159,43,43,0,0,43,West Indies
CH Lloyd,1973-1985,87,87,39,39,0,0,39,West Indies
DL Murray,1973-1980,26,26,38,37,1,37,0,West Indies
J Garner,1977-1987,98,98,30,30,0,0,30,West Indies
MA Holding,1976-1987,102,102,30,30,0,0,30,West Indies
WW Hinds,1999-2010,119,119,29,29,0,0,29,West Indies
DC Thomas,2009-2013,21,21,29,23,6,23,0,West Indies
KLT Arthurton,1988-1999,105,104,27,27,0,0,27,West Indies
DR Smith,2004-2014,91,89,27,27,0,0,27,West Indies
CA Walsh,1985-2000,205,204,27,27,0,0,27,West Indies
LMP Simmons,2006-2014,58,58,25,25,0,2,23,West Indies
DM Bravo,2009-2014,73,71,24,24,0,0,24,West Indies
SL Campbell,1994-2001,90,90,23,23,0,0,23,West Indies
J Charles,2012-2014,30,30,20,19,1,10,9,West Indies
M Dillon,1997-2005,108,107,20,20,0,0,20,West Indies
RS Morton,2002-2010,56,55,20,20,0,0,20,West Indies
SC Williams,1994-1999,57,57,18,18,0,0,18,West Indies
NO Miller,2008-2014,45,43,17,17,0,0,17,West Indies
JE Taylor,2003-2010,66,64,17,17,0,0,17,West Indies
WKM Benjamin,1986-1995,85,85,16,16,0,0,16,West Indies
DA Murray,1973-1981,10,10,16,16,0,16,0,West Indies
MD Marshall,1980-1992,136,134,15,15,0,0,15,West Indies
EAE Baptiste,1983-1990,43,43,14,14,0,0,14,West Indies
HA Gomes,1978-1987,83,83,14,14,0,0,14,West Indies
R Rampaul,2003-2014,85,82,14,14,0,0,14,West Indies
KAJ Roach,2008-2013,61,60,14,14,0,0,14,West Indies
DBL Powell,2002-2009,55,55,13,13,0,0,13,West Indies
DS Smith,2003-2013,47,46,13,13,0,0,13,West Indies
IR Bishop,1988-1997,84,83,12,12,0,0,12,West Indies
CD Collymore,1999-2007,84,83,12,12,0,0,12,West Indies
AC Cummins,1991-1995,63,62,11,11,0,0,11,West Indies
D Ganga,1999-2006,35,35,11,11,0,0,11,West Indies
SP Narine,2011-2014,49,49,11,11,0,0,11,West Indies
PA Wallace,1991-2000,33,32,11,11,0,0,11,West Indies
SFAF Bacchus,1978-1983,29,29,10,10,0,0,10,West Indies
NC McGarrell,1998-2001,17,17,9,9,0,0,9,West Indies
XM Marshall,2005-2009,24,23,9,9,0,0,9,West Indies
BP Patterson,1986-1993,59,58,9,9,0,0,9,West Indies
PT Collins,1999-2005,30,30,8,8,0,0,8,West Indies
N Deonarine,2005-2014,29,29,8,8,0,0,8,West Indies
ADS Fletcher,2008-2010,15,15,8,5,3,2,3,West Indies
RIC Holder,1993-1997,37,37,8,8,0,0,8,West Indies
AI Kallicharran,1973-1981,31,31,8,8,0,0,8,West Indies
NAM McLean,1996-2003,45,45,8,8,0,0,8,West Indies
DR Parry,1978-1980,6,6,8,8,0,0,8,West Indies
KOA Powell,2009-2014,28,28,8,8,0,0,8,West Indies
LR Williams,1996-2001,15,15,8,8,0,0,8,West Indies
DE Bernard,2003-2010,20,19,7,7,0,0,7,West Indies
RN Lewis,1997-2009,28,28,7,7,0,0,7,West Indies
AD Russell,2011-2014,35,35,7,7,0,0,7,West Indies
CAK Walton,2009-2014,5,5,7,6,1,6,0,West Indies
IDR Bradshaw,2004-2007,62,62,6,6,0,0,6,West Indies
S Chattergoon,2006-2009,18,17,6,6,0,0,6,West Indies
JO Holder,2013-2014,17,17,6,6,0,0,6,West Indies
VA Holder,1973-1978,12,12,6,6,0,0,6,West Indies
CL King,1976-1980,18,18,6,6,0,0,6,West Indies
MV Nagamootoo,2000-2002,24,24,6,6,0,0,6,West Indies
TRO Payne,1984-1987,7,7,6,6,0,2,4,West Indies
AME Roberts,1975-1983,56,56,6,6,0,0,6,West Indies
FA Rose,1997-2000,27,27,6,6,0,0,6,West Indies
CA Best,1986-1992,24,23,5,5,0,0,5,West Indies
CE Cuffy,1994-2002,41,41,5,5,0,0,5,West Indies
WW Daniel,1978-1984,18,18,5,5,0,0,5,West Indies
VC Drakes,1995-2004,34,34,5,5,0,0,5,West Indies
SE Findlay,2008-2009,9,9,5,5,0,0,5,West Indies
AFG Griffith,1996-2000,9,9,5,5,0,0,5,West Indies
RC Haynes,1989-1991,8,8,5,5,0,0,5,West Indies
RO Hurley,2003-2004,9,9,5,5,0,0,5,West Indies
DM Richards,2009-2010,8,8,5,5,0,0,5,West Indies
KCG Benjamin,1992-1996,26,26,4,4,0,0,4,West Indies
TL Best,2004-2014,26,26,4,4,0,0,4,West Indies
HR Bryan,1999-1999,15,15,4,4,0,0,4,West Indies
ST Clarke,1978-1982,10,10,4,4,0,0,4,West Indies
FH Edwards,2003-2009,50,49,4,4,0,0,4,West Indies
RC Fredericks,1973-1977,12,12,4,4,0,0,4,West Indies
SC Joseph,2000-2005,13,13,4,4,0,0,4,West Indies
BD Julien,1973-1977,12,12,4,4,0,0,4,West Indies
RB Kanhai,1973-1975,7,7,4,4,0,0,4,West Indies
RD King,1998-2005,50,50,4,4,0,0,4,West Indies
NO Perry,1999-2000,21,21,4,4,0,0,4,West Indies
AB Barath,2010-2012,14,13,3,3,0,0,3,West Indies
OD Gibson,1995-1997,15,15,3,3,0,0,3,West Indies
AH Gray,1985-1991,25,25,3,3,0,0,3,West Indies
A Martin,2011-2011,9,9,3,3,0,0,3,West Indies
MR Pydanna,1980-1983,3,3,3,2,1,2,0,West Indies
FL Reifer,1997-2009,8,8,3,3,0,0,3,West Indies
D Bishoo,2011-2011,13,13,2,2,0,0,2,West Indies
PA Browne,2008-2008,5,5,2,2,0,2,0,West Indies
TM Dowlin,2009-2010,11,11,2,2,0,0,2,West Indies
RO Hinds,2001-2004,14,14,2,2,0,0,2,West Indies
EH Mattis,1981-1981,2,2,2,2,0,0,2,West Indies
LG Rowe,1975-1980,11,11,2,2,0,0,2,West Indies
KF Semple,1999-1999,7,7,2,2,0,0,2,West Indies
IT Shillingford,1978-1978,2,2,2,2,0,0,2,West Indies
LS Baker,2008-2009,10,9,1,1,0,0,1,West Indies
SJ Benn,2008-2011,25,24,1,1,0,0,1,West Indies
CEH Croft,1977-1981,19,19,1,1,0,0,1,West Indies
WW Davis,1983-1988,35,35,1,1,0,0,1,West Indies
R Dhanraj,1994-1995,6,6,1,1,0,0,1,West Indies
KA Edwards,2011-2014,14,14,1,1,0,0,1,West Indies
RR Emrit,2007-2007,2,2,1,1,0,0,1,West Indies
RS Gabriel,1984-1984,11,11,1,1,0,0,1,West Indies
DP Hyatt,2011-2011,9,9,1,1,0,0,1,West Indies
D Mohammed,2006-2008,7,7,1,1,0,0,1,West Indies
BP Nash,2008-2009,9,8,1,1,0,0,1,West Indies
ACL Richards,2007-2007,1,1,1,1,0,0,1,West Indies
RG Samuels,1996-1997,8,8,1,1,0,0,1,West Indies
MA Small,1984-1984,2,2,1,1,0,0,1,West Indies
GS Sobers,1973-1973,1,1,1,1,0,0,1,West Indies
CEL Stuart,2001-2001,5,5,1,1,0,0,1,West Indies
HAG Anthony,1995-1995,3,3,0,0,0,0,0,West Indies
OAC Banks,2003-2005,5,5,0,0,0,0,0,West Indies
MI Black,2001-2001,5,5,0,0,0,0,0,West Indies
KD Boyce,1973-1975,8,8,0,0,0,0,0,West Indies
CR Brathwaite,2011-2011,1,1,0,0,0,0,0,West Indies
D Brown,2001-2002,3,3,0,0,0,0,0,West Indies
BS Browne,1994-1994,4,4,0,0,0,0,0,West Indies
DK Butler,2005-2006,5,5,0,0,0,0,0,West Indies
RT Crandon,2009-2009,1,1,0,0,0,0,0,West Indies
ML Cummins,2014-2014,1,1,0,0,0,0,0,West Indies
MLC Foster,1973-1973,2,2,0,0,0,0,0,West Indies
LV Garrick,2001-2001,3,3,0,0,0,0,0,West Indies
LR Gibbs,1973-1975,3,3,0,0,0,0,0,West Indies
AE Greenidge,1978-1978,1,1,0,0,0,0,0,West Indies
RGA Headley,1973-1973,1,1,0,0,0,0,0,West Indies
KCB Jeremy,2000-2001,6,6,0,0,0,0,0,West Indies
LR Johnson,2008-2008,3,3,0,0,0,0,0,West Indies
CB Lambert,1990-1998,11,11,0,0,0,0,0,West Indies
JJC Lawson,2001-2005,13,12,0,0,0,0,0,West Indies
JN Mohammed,2011-2011,1,1,0,0,0,0,0,West Indies
EA Moseley,1990-1991,9,8,0,0,0,0,0,West Indies
BA Parchment,2007-2008,7,7,0,0,0,0,0,West Indies
NT Pascal,2009-2009,1,1,0,0,0,0,0,West Indies
V Permaul,2012-2013,6,6,0,0,0,0,0,West Indies
N Phillip,1978-1978,1,1,0,0,0,0,0,West Indies
RR Ramdass,2005-2005,1,1,0,0,0,0,0,West Indies
D Ramnarine,1997-2001,4,4,0,0,0,0,0,West Indies
S Shivnarine,1978-1978,1,1,0,0,0,0,0,West Indies
PIC Thompson,1997-1997,2,2,0,0,0,0,0,West Indies
GC Tonge,2009-2009,5,5,0,0,0,0,0,West Indies
CM Tuckett,1998-1998,1,1,0,0,0,0,0,West Indies
